-- --------------------------------------------------------
-- Host:                         127.0.0.1
-- Server version:               8.4.3 - MySQL Community Server - GPL
-- Server OS:                    Win64
-- HeidiSQL Version:             12.6.0.6765
-- --------------------------------------------------------

/*!40101 SET @OLD_CHARACTER_SET_CLIENT=@@CHARACTER_SET_CLIENT */;
/*!40101 SET NAMES utf8 */;
/*!50503 SET NAMES utf8mb4 */;
/*!40103 SET @OLD_TIME_ZONE=@@TIME_ZONE */;
/*!40103 SET TIME_ZONE='+00:00' */;
/*!40014 SET @OLD_FOREIGN_KEY_CHECKS=@@FOREIGN_KEY_CHECKS, FOREIGN_KEY_CHECKS=0 */;
/*!40101 SET @OLD_SQL_MODE=@@SQL_MODE, SQL_MODE='NO_AUTO_VALUE_ON_ZERO' */;
/*!40111 SET @OLD_SQL_NOTES=@@SQL_NOTES, SQL_NOTES=0 */;


-- Dumping database structure for movie_booking_db
CREATE DATABASE IF NOT EXISTS `movie_booking_db` /*!40100 DEFAULT CHARACTER SET utf8mb4 COLLATE utf8mb4_0900_ai_ci */ /*!80016 DEFAULT ENCRYPTION='N' */;
USE `movie_booking_db`;

-- Dumping structure for table movie_booking_db.tb_cinema
CREATE TABLE IF NOT EXISTS `tb_cinema` (
  `id` varchar(255) NOT NULL,
  `location` varchar(255) NOT NULL,
  `name` varchar(255) NOT NULL,
  `city_id` bigint DEFAULT NULL,
  `total_cinema_halls` int DEFAULT NULL,
  PRIMARY KEY (`id`),
  KEY `FK5b94dqmaidbmim5eb1auecmaa` (`city_id`),
  CONSTRAINT `FK5b94dqmaidbmim5eb1auecmaa` FOREIGN KEY (`city_id`) REFERENCES `tb_city` (`id`)
) ENGINE=InnoDB DEFAULT CHARSET=utf8mb4 COLLATE=utf8mb4_0900_ai_ci;

-- Dumping data for table movie_booking_db.tb_cinema: ~0 rows (approximately)
INSERT IGNORE INTO `tb_cinema` (`id`, `location`, `name`, `city_id`, `total_cinema_halls`) VALUES
	('6fdbfe95-4023-11f0-b962-d8c4976e9de6', '3rd Floor, Acropolis Mall, 1858 Rajdanga Main Road, Beside Geetanjali stadium, Kolkata, West Bengal 700107, India', 'Cinepolis: Acropolis Mall, Kolkata', 5, NULL),
	('6fdcc453-4023-11f0-b962-d8c4976e9de6', 'The Terminus Bulding, Plot No. BG/12, AA-1B, New Town, Rajarhat, Kolkata, West Bengal 700156, India', 'Miraj Cinemas: Newtown, Kolkata', 5, NULL),
	('6fddf644-4023-11f0-b962-d8c4976e9de6', 'City Centre, DC Block I, Sector-1, City Center Mall, Kolkata, West Bengal 700020, India', 'INOX: City Center, Salt Lake', 5, NULL),
	('6fdf164b-4023-11f0-b962-d8c4976e9de6', '76, Ganesh Chandra Avenue, Bow Bazaar, Dharmatala, Near Chandni Chowk Metro Station, Kolkata, West Bengal 700013, India', 'Hind INOX: Kolkata', 5, NULL);

-- Dumping structure for table movie_booking_db.tb_cinema_hall
CREATE TABLE IF NOT EXISTS `tb_cinema_hall` (
  `id` bigint NOT NULL AUTO_INCREMENT,
  `name` varchar(255) NOT NULL,
  `total_seats` int DEFAULT NULL,
  `cinema_id` varchar(255) DEFAULT NULL,
  PRIMARY KEY (`id`),
  KEY `FKtn5cqeapyy0k436uak8ai7hpq` (`cinema_id`),
  CONSTRAINT `FKtn5cqeapyy0k436uak8ai7hpq` FOREIGN KEY (`cinema_id`) REFERENCES `tb_cinema` (`id`)
) ENGINE=InnoDB AUTO_INCREMENT=21 DEFAULT CHARSET=utf8mb4 COLLATE=utf8mb4_0900_ai_ci;

-- Dumping data for table movie_booking_db.tb_cinema_hall: ~0 rows (approximately)
INSERT IGNORE INTO `tb_cinema_hall` (`id`, `name`, `total_seats`, `cinema_id`) VALUES
	(1, 'Audi1', 186, '6fdbfe95-4023-11f0-b962-d8c4976e9de6'),
	(2, 'Audi2', 186, '6fdbfe95-4023-11f0-b962-d8c4976e9de6'),
	(3, 'Audi3', 186, '6fdbfe95-4023-11f0-b962-d8c4976e9de6'),
	(4, 'Audi4', 186, '6fdbfe95-4023-11f0-b962-d8c4976e9de6'),
	(5, 'Audi5', 186, '6fdbfe95-4023-11f0-b962-d8c4976e9de6'),
	(6, 'Audi1', 186, '6fdcc453-4023-11f0-b962-d8c4976e9de6'),
	(7, 'Audi2', 186, '6fdcc453-4023-11f0-b962-d8c4976e9de6'),
	(8, 'Audi3', 186, '6fdcc453-4023-11f0-b962-d8c4976e9de6'),
	(9, 'Audi4', 186, '6fdcc453-4023-11f0-b962-d8c4976e9de6'),
	(10, 'Audi5', 186, '6fdcc453-4023-11f0-b962-d8c4976e9de6'),
	(11, 'Audi1', 186, '6fddf644-4023-11f0-b962-d8c4976e9de6'),
	(12, 'Audi2', 186, '6fddf644-4023-11f0-b962-d8c4976e9de6'),
	(13, 'Audi3', 186, '6fddf644-4023-11f0-b962-d8c4976e9de6'),
	(14, 'Audi4', 186, '6fddf644-4023-11f0-b962-d8c4976e9de6'),
	(15, 'Audi5', 186, '6fddf644-4023-11f0-b962-d8c4976e9de6'),
	(16, 'Audi1', 186, '6fdf164b-4023-11f0-b962-d8c4976e9de6'),
	(17, 'Audi2', 186, '6fdf164b-4023-11f0-b962-d8c4976e9de6'),
	(18, 'Audi3', 186, '6fdf164b-4023-11f0-b962-d8c4976e9de6'),
	(19, 'Audi4', 186, '6fdf164b-4023-11f0-b962-d8c4976e9de6'),
	(20, 'Audi5', 186, '6fdf164b-4023-11f0-b962-d8c4976e9de6');

-- Dumping structure for table movie_booking_db.tb_cinema_seat
CREATE TABLE IF NOT EXISTS `tb_cinema_seat` (
  `id` int NOT NULL AUTO_INCREMENT,
  `seat_number` int DEFAULT NULL,
  `row` varchar(50) DEFAULT NULL,
  `type` enum('PREMIUM','REGULAR') DEFAULT NULL,
  `hall_id` bigint DEFAULT NULL,
  `price` double DEFAULT NULL,
  PRIMARY KEY (`id`),
  KEY `FKe2e26gsa48eyugiy8hc9hilcx` (`hall_id`) USING BTREE,
  CONSTRAINT `FKe2e26gsa48eyugiy8hc9hilcx` FOREIGN KEY (`hall_id`) REFERENCES `tb_cinema_hall` (`id`)
) ENGINE=InnoDB AUTO_INCREMENT=3721 DEFAULT CHARSET=utf8mb4 COLLATE=utf8mb4_0900_ai_ci;

-- Dumping data for table movie_booking_db.tb_cinema_seat: ~0 rows (approximately)
INSERT IGNORE INTO `tb_cinema_seat` (`id`, `seat_number`, `row`, `type`, `hall_id`, `price`) VALUES
	(1, 1, 'A', 'REGULAR', 1, 249),
	(2, 2, 'A', 'REGULAR', 1, 249),
	(3, 3, 'A', 'REGULAR', 1, 249),
	(4, 4, 'A', 'REGULAR', 1, 249),
	(5, 5, 'A', 'REGULAR', 1, 249),
	(6, 6, 'A', 'REGULAR', 1, 249),
	(7, 7, 'A', 'REGULAR', 1, 249),
	(8, 8, 'A', 'REGULAR', 1, 249),
	(9, 9, 'A', 'REGULAR', 1, 249),
	(10, 10, 'A', 'REGULAR', 1, 249),
	(11, 11, 'A', 'REGULAR', 1, 249),
	(12, 12, 'A', 'REGULAR', 1, 249),
	(13, 13, 'A', 'REGULAR', 1, 249),
	(14, 14, 'A', 'REGULAR', 1, 249),
	(15, 15, 'A', 'REGULAR', 1, 249),
	(16, 16, 'A', 'REGULAR', 1, 249),
	(17, 17, 'A', 'REGULAR', 1, 249),
	(18, 18, 'A', 'REGULAR', 1, 249),
	(19, 19, 'A', 'REGULAR', 1, 249),
	(20, 20, 'A', 'REGULAR', 1, 249),
	(21, 1, 'B', 'REGULAR', 1, 249),
	(22, 2, 'B', 'REGULAR', 1, 249),
	(23, 3, 'B', 'REGULAR', 1, 249),
	(24, 4, 'B', 'REGULAR', 1, 249),
	(25, 5, 'B', 'REGULAR', 1, 249),
	(26, 6, 'B', 'REGULAR', 1, 249),
	(27, 7, 'B', 'REGULAR', 1, 249),
	(28, 8, 'B', 'REGULAR', 1, 249),
	(29, 9, 'B', 'REGULAR', 1, 249),
	(30, 10, 'B', 'REGULAR', 1, 249),
	(31, 11, 'B', 'REGULAR', 1, 249),
	(32, 12, 'B', 'REGULAR', 1, 249),
	(33, 13, 'B', 'REGULAR', 1, 249),
	(34, 14, 'B', 'REGULAR', 1, 249),
	(35, 15, 'B', 'REGULAR', 1, 249),
	(36, 16, 'B', 'REGULAR', 1, 249),
	(37, 17, 'B', 'REGULAR', 1, 249),
	(38, 18, 'B', 'REGULAR', 1, 249),
	(39, 19, 'B', 'REGULAR', 1, 249),
	(40, 20, 'B', 'REGULAR', 1, 249),
	(41, 1, 'C', 'REGULAR', 1, 249),
	(42, 2, 'C', 'REGULAR', 1, 249),
	(43, 3, 'C', 'REGULAR', 1, 249),
	(44, 4, 'C', 'REGULAR', 1, 249),
	(45, 5, 'C', 'REGULAR', 1, 249),
	(46, 6, 'C', 'REGULAR', 1, 249),
	(47, 7, 'C', 'REGULAR', 1, 249),
	(48, 8, 'C', 'REGULAR', 1, 249),
	(49, 9, 'C', 'REGULAR', 1, 249),
	(50, 10, 'C', 'REGULAR', 1, 249),
	(51, 11, 'C', 'REGULAR', 1, 249),
	(52, 12, 'C', 'REGULAR', 1, 249),
	(53, 13, 'C', 'REGULAR', 1, 249),
	(54, 14, 'C', 'REGULAR', 1, 249),
	(55, 15, 'C', 'REGULAR', 1, 249),
	(56, 16, 'C', 'REGULAR', 1, 249),
	(57, 17, 'C', 'REGULAR', 1, 249),
	(58, 18, 'C', 'REGULAR', 1, 249),
	(59, 19, 'C', 'REGULAR', 1, 249),
	(60, 20, 'C', 'REGULAR', 1, 249),
	(61, 1, 'D', 'REGULAR', 1, 249),
	(62, 2, 'D', 'REGULAR', 1, 249),
	(63, 3, 'D', 'REGULAR', 1, 249),
	(64, 4, 'D', 'REGULAR', 1, 249),
	(65, 5, 'D', 'REGULAR', 1, 249),
	(66, 6, 'D', 'REGULAR', 1, 249),
	(67, 7, 'D', 'REGULAR', 1, 249),
	(68, 8, 'D', 'REGULAR', 1, 249),
	(69, 9, 'D', 'REGULAR', 1, 249),
	(70, 10, 'D', 'REGULAR', 1, 249),
	(71, 11, 'D', 'REGULAR', 1, 249),
	(72, 12, 'D', 'REGULAR', 1, 249),
	(73, 13, 'D', 'REGULAR', 1, 249),
	(74, 14, 'D', 'REGULAR', 1, 249),
	(75, 15, 'D', 'REGULAR', 1, 249),
	(76, 16, 'D', 'REGULAR', 1, 249),
	(77, 17, 'D', 'REGULAR', 1, 249),
	(78, 18, 'D', 'REGULAR', 1, 249),
	(79, 19, 'D', 'REGULAR', 1, 249),
	(80, 20, 'D', 'REGULAR', 1, 249),
	(81, 1, 'E', 'REGULAR', 1, 249),
	(82, 2, 'E', 'REGULAR', 1, 249),
	(83, 3, 'E', 'REGULAR', 1, 249),
	(84, 4, 'E', 'REGULAR', 1, 249),
	(85, 5, 'E', 'REGULAR', 1, 249),
	(86, 6, 'E', 'REGULAR', 1, 249),
	(87, 7, 'E', 'REGULAR', 1, 249),
	(88, 8, 'E', 'REGULAR', 1, 249),
	(89, 9, 'E', 'REGULAR', 1, 249),
	(90, 10, 'E', 'REGULAR', 1, 249),
	(91, 11, 'E', 'REGULAR', 1, 249),
	(92, 12, 'E', 'REGULAR', 1, 249),
	(93, 13, 'E', 'REGULAR', 1, 249),
	(94, 14, 'E', 'REGULAR', 1, 249),
	(95, 15, 'E', 'REGULAR', 1, 249),
	(96, 16, 'E', 'REGULAR', 1, 249),
	(97, 17, 'E', 'REGULAR', 1, 249),
	(98, 18, 'E', 'REGULAR', 1, 249),
	(99, 19, 'E', 'REGULAR', 1, 249),
	(100, 20, 'E', 'REGULAR', 1, 249),
	(101, 1, 'F', 'REGULAR', 1, 249),
	(102, 2, 'F', 'REGULAR', 1, 249),
	(103, 3, 'F', 'REGULAR', 1, 249),
	(104, 4, 'F', 'REGULAR', 1, 249),
	(105, 5, 'F', 'REGULAR', 1, 249),
	(106, 6, 'F', 'REGULAR', 1, 249),
	(107, 7, 'F', 'REGULAR', 1, 249),
	(108, 8, 'F', 'REGULAR', 1, 249),
	(109, 9, 'F', 'REGULAR', 1, 249),
	(110, 10, 'F', 'REGULAR', 1, 249),
	(111, 11, 'F', 'REGULAR', 1, 249),
	(112, 12, 'F', 'REGULAR', 1, 249),
	(113, 13, 'F', 'REGULAR', 1, 249),
	(114, 14, 'F', 'REGULAR', 1, 249),
	(115, 15, 'F', 'REGULAR', 1, 249),
	(116, 16, 'F', 'REGULAR', 1, 249),
	(117, 17, 'F', 'REGULAR', 1, 249),
	(118, 18, 'F', 'REGULAR', 1, 249),
	(119, 19, 'F', 'REGULAR', 1, 249),
	(120, 20, 'F', 'REGULAR', 1, 249),
	(121, 1, 'G', 'REGULAR', 1, 249),
	(122, 2, 'G', 'REGULAR', 1, 249),
	(123, 3, 'G', 'REGULAR', 1, 249),
	(124, 4, 'G', 'REGULAR', 1, 249),
	(125, 5, 'G', 'REGULAR', 1, 249),
	(126, 6, 'G', 'REGULAR', 1, 249),
	(127, 7, 'G', 'REGULAR', 1, 249),
	(128, 8, 'G', 'REGULAR', 1, 249),
	(129, 9, 'G', 'REGULAR', 1, 249),
	(130, 10, 'G', 'REGULAR', 1, 249),
	(131, 11, 'G', 'REGULAR', 1, 249),
	(132, 12, 'G', 'REGULAR', 1, 249),
	(133, 13, 'G', 'REGULAR', 1, 249),
	(134, 14, 'G', 'REGULAR', 1, 249),
	(135, 15, 'G', 'REGULAR', 1, 249),
	(136, 16, 'G', 'REGULAR', 1, 249),
	(137, 17, 'G', 'REGULAR', 1, 249),
	(138, 18, 'G', 'REGULAR', 1, 249),
	(139, 19, 'G', 'REGULAR', 1, 249),
	(140, 20, 'G', 'REGULAR', 1, 249),
	(141, 1, 'H', 'REGULAR', 1, 249),
	(142, 2, 'H', 'REGULAR', 1, 249),
	(143, 3, 'H', 'REGULAR', 1, 249),
	(144, 4, 'H', 'REGULAR', 1, 249),
	(145, 5, 'H', 'REGULAR', 1, 249),
	(146, 6, 'H', 'REGULAR', 1, 249),
	(147, 7, 'H', 'REGULAR', 1, 249),
	(148, 8, 'H', 'REGULAR', 1, 249),
	(149, 9, 'H', 'REGULAR', 1, 249),
	(150, 10, 'H', 'REGULAR', 1, 249),
	(151, 11, 'H', 'REGULAR', 1, 249),
	(152, 12, 'H', 'REGULAR', 1, 249),
	(153, 13, 'H', 'REGULAR', 1, 249),
	(154, 14, 'H', 'REGULAR', 1, 249),
	(155, 15, 'H', 'REGULAR', 1, 249),
	(156, 16, 'H', 'REGULAR', 1, 249),
	(157, 17, 'H', 'REGULAR', 1, 249),
	(158, 18, 'H', 'REGULAR', 1, 249),
	(159, 19, 'H', 'REGULAR', 1, 249),
	(160, 20, 'H', 'REGULAR', 1, 249),
	(161, 1, 'J', 'PREMIUM', 1, 399),
	(162, 2, 'J', 'PREMIUM', 1, 399),
	(163, 3, 'J', 'PREMIUM', 1, 399),
	(164, 4, 'J', 'PREMIUM', 1, 399),
	(165, 5, 'J', 'PREMIUM', 1, 399),
	(166, 6, 'J', 'PREMIUM', 1, 399),
	(167, 7, 'J', 'PREMIUM', 1, 399),
	(168, 8, 'J', 'PREMIUM', 1, 399),
	(169, 9, 'J', 'PREMIUM', 1, 399),
	(170, 10, 'J', 'PREMIUM', 1, 399),
	(171, 11, 'J', 'PREMIUM', 1, 399),
	(172, 12, 'J', 'PREMIUM', 1, 399),
	(173, 1, 'K', 'PREMIUM', 1, 399),
	(174, 2, 'K', 'PREMIUM', 1, 399),
	(175, 3, 'K', 'PREMIUM', 1, 399),
	(176, 4, 'K', 'PREMIUM', 1, 399),
	(177, 5, 'K', 'PREMIUM', 1, 399),
	(178, 6, 'K', 'PREMIUM', 1, 399),
	(179, 7, 'K', 'PREMIUM', 1, 399),
	(180, 8, 'K', 'PREMIUM', 1, 399),
	(181, 9, 'K', 'PREMIUM', 1, 399),
	(182, 10, 'K', 'PREMIUM', 1, 399),
	(183, 11, 'K', 'PREMIUM', 1, 399),
	(184, 12, 'K', 'PREMIUM', 1, 399),
	(185, 13, 'K', 'PREMIUM', 1, 399),
	(186, 14, 'K', 'PREMIUM', 1, 399),
	(187, 1, 'A', 'REGULAR', 2, 249),
	(188, 2, 'A', 'REGULAR', 2, 249),
	(189, 3, 'A', 'REGULAR', 2, 249),
	(190, 4, 'A', 'REGULAR', 2, 249),
	(191, 5, 'A', 'REGULAR', 2, 249),
	(192, 6, 'A', 'REGULAR', 2, 249),
	(193, 7, 'A', 'REGULAR', 2, 249),
	(194, 8, 'A', 'REGULAR', 2, 249),
	(195, 9, 'A', 'REGULAR', 2, 249),
	(196, 10, 'A', 'REGULAR', 2, 249),
	(197, 11, 'A', 'REGULAR', 2, 249),
	(198, 12, 'A', 'REGULAR', 2, 249),
	(199, 13, 'A', 'REGULAR', 2, 249),
	(200, 14, 'A', 'REGULAR', 2, 249),
	(201, 15, 'A', 'REGULAR', 2, 249),
	(202, 16, 'A', 'REGULAR', 2, 249),
	(203, 17, 'A', 'REGULAR', 2, 249),
	(204, 18, 'A', 'REGULAR', 2, 249),
	(205, 19, 'A', 'REGULAR', 2, 249),
	(206, 20, 'A', 'REGULAR', 2, 249),
	(207, 1, 'B', 'REGULAR', 2, 249),
	(208, 2, 'B', 'REGULAR', 2, 249),
	(209, 3, 'B', 'REGULAR', 2, 249),
	(210, 4, 'B', 'REGULAR', 2, 249),
	(211, 5, 'B', 'REGULAR', 2, 249),
	(212, 6, 'B', 'REGULAR', 2, 249),
	(213, 7, 'B', 'REGULAR', 2, 249),
	(214, 8, 'B', 'REGULAR', 2, 249),
	(215, 9, 'B', 'REGULAR', 2, 249),
	(216, 10, 'B', 'REGULAR', 2, 249),
	(217, 11, 'B', 'REGULAR', 2, 249),
	(218, 12, 'B', 'REGULAR', 2, 249),
	(219, 13, 'B', 'REGULAR', 2, 249),
	(220, 14, 'B', 'REGULAR', 2, 249),
	(221, 15, 'B', 'REGULAR', 2, 249),
	(222, 16, 'B', 'REGULAR', 2, 249),
	(223, 17, 'B', 'REGULAR', 2, 249),
	(224, 18, 'B', 'REGULAR', 2, 249),
	(225, 19, 'B', 'REGULAR', 2, 249),
	(226, 20, 'B', 'REGULAR', 2, 249),
	(227, 1, 'C', 'REGULAR', 2, 249),
	(228, 2, 'C', 'REGULAR', 2, 249),
	(229, 3, 'C', 'REGULAR', 2, 249),
	(230, 4, 'C', 'REGULAR', 2, 249),
	(231, 5, 'C', 'REGULAR', 2, 249),
	(232, 6, 'C', 'REGULAR', 2, 249),
	(233, 7, 'C', 'REGULAR', 2, 249),
	(234, 8, 'C', 'REGULAR', 2, 249),
	(235, 9, 'C', 'REGULAR', 2, 249),
	(236, 10, 'C', 'REGULAR', 2, 249),
	(237, 11, 'C', 'REGULAR', 2, 249),
	(238, 12, 'C', 'REGULAR', 2, 249),
	(239, 13, 'C', 'REGULAR', 2, 249),
	(240, 14, 'C', 'REGULAR', 2, 249),
	(241, 15, 'C', 'REGULAR', 2, 249),
	(242, 16, 'C', 'REGULAR', 2, 249),
	(243, 17, 'C', 'REGULAR', 2, 249),
	(244, 18, 'C', 'REGULAR', 2, 249),
	(245, 19, 'C', 'REGULAR', 2, 249),
	(246, 20, 'C', 'REGULAR', 2, 249),
	(247, 1, 'D', 'REGULAR', 2, 249),
	(248, 2, 'D', 'REGULAR', 2, 249),
	(249, 3, 'D', 'REGULAR', 2, 249),
	(250, 4, 'D', 'REGULAR', 2, 249),
	(251, 5, 'D', 'REGULAR', 2, 249),
	(252, 6, 'D', 'REGULAR', 2, 249),
	(253, 7, 'D', 'REGULAR', 2, 249),
	(254, 8, 'D', 'REGULAR', 2, 249),
	(255, 9, 'D', 'REGULAR', 2, 249),
	(256, 10, 'D', 'REGULAR', 2, 249),
	(257, 11, 'D', 'REGULAR', 2, 249),
	(258, 12, 'D', 'REGULAR', 2, 249),
	(259, 13, 'D', 'REGULAR', 2, 249),
	(260, 14, 'D', 'REGULAR', 2, 249),
	(261, 15, 'D', 'REGULAR', 2, 249),
	(262, 16, 'D', 'REGULAR', 2, 249),
	(263, 17, 'D', 'REGULAR', 2, 249),
	(264, 18, 'D', 'REGULAR', 2, 249),
	(265, 19, 'D', 'REGULAR', 2, 249),
	(266, 20, 'D', 'REGULAR', 2, 249),
	(267, 1, 'E', 'REGULAR', 2, 249),
	(268, 2, 'E', 'REGULAR', 2, 249),
	(269, 3, 'E', 'REGULAR', 2, 249),
	(270, 4, 'E', 'REGULAR', 2, 249),
	(271, 5, 'E', 'REGULAR', 2, 249),
	(272, 6, 'E', 'REGULAR', 2, 249),
	(273, 7, 'E', 'REGULAR', 2, 249),
	(274, 8, 'E', 'REGULAR', 2, 249),
	(275, 9, 'E', 'REGULAR', 2, 249),
	(276, 10, 'E', 'REGULAR', 2, 249),
	(277, 11, 'E', 'REGULAR', 2, 249),
	(278, 12, 'E', 'REGULAR', 2, 249),
	(279, 13, 'E', 'REGULAR', 2, 249),
	(280, 14, 'E', 'REGULAR', 2, 249),
	(281, 15, 'E', 'REGULAR', 2, 249),
	(282, 16, 'E', 'REGULAR', 2, 249),
	(283, 17, 'E', 'REGULAR', 2, 249),
	(284, 18, 'E', 'REGULAR', 2, 249),
	(285, 19, 'E', 'REGULAR', 2, 249),
	(286, 20, 'E', 'REGULAR', 2, 249),
	(287, 1, 'F', 'REGULAR', 2, 249),
	(288, 2, 'F', 'REGULAR', 2, 249),
	(289, 3, 'F', 'REGULAR', 2, 249),
	(290, 4, 'F', 'REGULAR', 2, 249),
	(291, 5, 'F', 'REGULAR', 2, 249),
	(292, 6, 'F', 'REGULAR', 2, 249),
	(293, 7, 'F', 'REGULAR', 2, 249),
	(294, 8, 'F', 'REGULAR', 2, 249),
	(295, 9, 'F', 'REGULAR', 2, 249),
	(296, 10, 'F', 'REGULAR', 2, 249),
	(297, 11, 'F', 'REGULAR', 2, 249),
	(298, 12, 'F', 'REGULAR', 2, 249),
	(299, 13, 'F', 'REGULAR', 2, 249),
	(300, 14, 'F', 'REGULAR', 2, 249),
	(301, 15, 'F', 'REGULAR', 2, 249),
	(302, 16, 'F', 'REGULAR', 2, 249),
	(303, 17, 'F', 'REGULAR', 2, 249),
	(304, 18, 'F', 'REGULAR', 2, 249),
	(305, 19, 'F', 'REGULAR', 2, 249),
	(306, 20, 'F', 'REGULAR', 2, 249),
	(307, 1, 'G', 'REGULAR', 2, 249),
	(308, 2, 'G', 'REGULAR', 2, 249),
	(309, 3, 'G', 'REGULAR', 2, 249),
	(310, 4, 'G', 'REGULAR', 2, 249),
	(311, 5, 'G', 'REGULAR', 2, 249),
	(312, 6, 'G', 'REGULAR', 2, 249),
	(313, 7, 'G', 'REGULAR', 2, 249),
	(314, 8, 'G', 'REGULAR', 2, 249),
	(315, 9, 'G', 'REGULAR', 2, 249),
	(316, 10, 'G', 'REGULAR', 2, 249),
	(317, 11, 'G', 'REGULAR', 2, 249),
	(318, 12, 'G', 'REGULAR', 2, 249),
	(319, 13, 'G', 'REGULAR', 2, 249),
	(320, 14, 'G', 'REGULAR', 2, 249),
	(321, 15, 'G', 'REGULAR', 2, 249),
	(322, 16, 'G', 'REGULAR', 2, 249),
	(323, 17, 'G', 'REGULAR', 2, 249),
	(324, 18, 'G', 'REGULAR', 2, 249),
	(325, 19, 'G', 'REGULAR', 2, 249),
	(326, 20, 'G', 'REGULAR', 2, 249),
	(327, 1, 'H', 'REGULAR', 2, 249),
	(328, 2, 'H', 'REGULAR', 2, 249),
	(329, 3, 'H', 'REGULAR', 2, 249),
	(330, 4, 'H', 'REGULAR', 2, 249),
	(331, 5, 'H', 'REGULAR', 2, 249),
	(332, 6, 'H', 'REGULAR', 2, 249),
	(333, 7, 'H', 'REGULAR', 2, 249),
	(334, 8, 'H', 'REGULAR', 2, 249),
	(335, 9, 'H', 'REGULAR', 2, 249),
	(336, 10, 'H', 'REGULAR', 2, 249),
	(337, 11, 'H', 'REGULAR', 2, 249),
	(338, 12, 'H', 'REGULAR', 2, 249),
	(339, 13, 'H', 'REGULAR', 2, 249),
	(340, 14, 'H', 'REGULAR', 2, 249),
	(341, 15, 'H', 'REGULAR', 2, 249),
	(342, 16, 'H', 'REGULAR', 2, 249),
	(343, 17, 'H', 'REGULAR', 2, 249),
	(344, 18, 'H', 'REGULAR', 2, 249),
	(345, 19, 'H', 'REGULAR', 2, 249),
	(346, 20, 'H', 'REGULAR', 2, 249),
	(347, 1, 'J', 'PREMIUM', 2, 399),
	(348, 2, 'J', 'PREMIUM', 2, 399),
	(349, 3, 'J', 'PREMIUM', 2, 399),
	(350, 4, 'J', 'PREMIUM', 2, 399),
	(351, 5, 'J', 'PREMIUM', 2, 399),
	(352, 6, 'J', 'PREMIUM', 2, 399),
	(353, 7, 'J', 'PREMIUM', 2, 399),
	(354, 8, 'J', 'PREMIUM', 2, 399),
	(355, 9, 'J', 'PREMIUM', 2, 399),
	(356, 10, 'J', 'PREMIUM', 2, 399),
	(357, 11, 'J', 'PREMIUM', 2, 399),
	(358, 12, 'J', 'PREMIUM', 2, 399),
	(359, 1, 'K', 'PREMIUM', 2, 399),
	(360, 2, 'K', 'PREMIUM', 2, 399),
	(361, 3, 'K', 'PREMIUM', 2, 399),
	(362, 4, 'K', 'PREMIUM', 2, 399),
	(363, 5, 'K', 'PREMIUM', 2, 399),
	(364, 6, 'K', 'PREMIUM', 2, 399),
	(365, 7, 'K', 'PREMIUM', 2, 399),
	(366, 8, 'K', 'PREMIUM', 2, 399),
	(367, 9, 'K', 'PREMIUM', 2, 399),
	(368, 10, 'K', 'PREMIUM', 2, 399),
	(369, 11, 'K', 'PREMIUM', 2, 399),
	(370, 12, 'K', 'PREMIUM', 2, 399),
	(371, 13, 'K', 'PREMIUM', 2, 399),
	(372, 14, 'K', 'PREMIUM', 2, 399),
	(373, 1, 'A', 'REGULAR', 3, 249),
	(374, 2, 'A', 'REGULAR', 3, 249),
	(375, 3, 'A', 'REGULAR', 3, 249),
	(376, 4, 'A', 'REGULAR', 3, 249),
	(377, 5, 'A', 'REGULAR', 3, 249),
	(378, 6, 'A', 'REGULAR', 3, 249),
	(379, 7, 'A', 'REGULAR', 3, 249),
	(380, 8, 'A', 'REGULAR', 3, 249),
	(381, 9, 'A', 'REGULAR', 3, 249),
	(382, 10, 'A', 'REGULAR', 3, 249),
	(383, 11, 'A', 'REGULAR', 3, 249),
	(384, 12, 'A', 'REGULAR', 3, 249),
	(385, 13, 'A', 'REGULAR', 3, 249),
	(386, 14, 'A', 'REGULAR', 3, 249),
	(387, 15, 'A', 'REGULAR', 3, 249),
	(388, 16, 'A', 'REGULAR', 3, 249),
	(389, 17, 'A', 'REGULAR', 3, 249),
	(390, 18, 'A', 'REGULAR', 3, 249),
	(391, 19, 'A', 'REGULAR', 3, 249),
	(392, 20, 'A', 'REGULAR', 3, 249),
	(393, 1, 'B', 'REGULAR', 3, 249),
	(394, 2, 'B', 'REGULAR', 3, 249),
	(395, 3, 'B', 'REGULAR', 3, 249),
	(396, 4, 'B', 'REGULAR', 3, 249),
	(397, 5, 'B', 'REGULAR', 3, 249),
	(398, 6, 'B', 'REGULAR', 3, 249),
	(399, 7, 'B', 'REGULAR', 3, 249),
	(400, 8, 'B', 'REGULAR', 3, 249),
	(401, 9, 'B', 'REGULAR', 3, 249),
	(402, 10, 'B', 'REGULAR', 3, 249),
	(403, 11, 'B', 'REGULAR', 3, 249),
	(404, 12, 'B', 'REGULAR', 3, 249),
	(405, 13, 'B', 'REGULAR', 3, 249),
	(406, 14, 'B', 'REGULAR', 3, 249),
	(407, 15, 'B', 'REGULAR', 3, 249),
	(408, 16, 'B', 'REGULAR', 3, 249),
	(409, 17, 'B', 'REGULAR', 3, 249),
	(410, 18, 'B', 'REGULAR', 3, 249),
	(411, 19, 'B', 'REGULAR', 3, 249),
	(412, 20, 'B', 'REGULAR', 3, 249),
	(413, 1, 'C', 'REGULAR', 3, 249),
	(414, 2, 'C', 'REGULAR', 3, 249),
	(415, 3, 'C', 'REGULAR', 3, 249),
	(416, 4, 'C', 'REGULAR', 3, 249),
	(417, 5, 'C', 'REGULAR', 3, 249),
	(418, 6, 'C', 'REGULAR', 3, 249),
	(419, 7, 'C', 'REGULAR', 3, 249),
	(420, 8, 'C', 'REGULAR', 3, 249),
	(421, 9, 'C', 'REGULAR', 3, 249),
	(422, 10, 'C', 'REGULAR', 3, 249),
	(423, 11, 'C', 'REGULAR', 3, 249),
	(424, 12, 'C', 'REGULAR', 3, 249),
	(425, 13, 'C', 'REGULAR', 3, 249),
	(426, 14, 'C', 'REGULAR', 3, 249),
	(427, 15, 'C', 'REGULAR', 3, 249),
	(428, 16, 'C', 'REGULAR', 3, 249),
	(429, 17, 'C', 'REGULAR', 3, 249),
	(430, 18, 'C', 'REGULAR', 3, 249),
	(431, 19, 'C', 'REGULAR', 3, 249),
	(432, 20, 'C', 'REGULAR', 3, 249),
	(433, 1, 'D', 'REGULAR', 3, 249),
	(434, 2, 'D', 'REGULAR', 3, 249),
	(435, 3, 'D', 'REGULAR', 3, 249),
	(436, 4, 'D', 'REGULAR', 3, 249),
	(437, 5, 'D', 'REGULAR', 3, 249),
	(438, 6, 'D', 'REGULAR', 3, 249),
	(439, 7, 'D', 'REGULAR', 3, 249),
	(440, 8, 'D', 'REGULAR', 3, 249),
	(441, 9, 'D', 'REGULAR', 3, 249),
	(442, 10, 'D', 'REGULAR', 3, 249),
	(443, 11, 'D', 'REGULAR', 3, 249),
	(444, 12, 'D', 'REGULAR', 3, 249),
	(445, 13, 'D', 'REGULAR', 3, 249),
	(446, 14, 'D', 'REGULAR', 3, 249),
	(447, 15, 'D', 'REGULAR', 3, 249),
	(448, 16, 'D', 'REGULAR', 3, 249),
	(449, 17, 'D', 'REGULAR', 3, 249),
	(450, 18, 'D', 'REGULAR', 3, 249),
	(451, 19, 'D', 'REGULAR', 3, 249),
	(452, 20, 'D', 'REGULAR', 3, 249),
	(453, 1, 'E', 'REGULAR', 3, 249),
	(454, 2, 'E', 'REGULAR', 3, 249),
	(455, 3, 'E', 'REGULAR', 3, 249),
	(456, 4, 'E', 'REGULAR', 3, 249),
	(457, 5, 'E', 'REGULAR', 3, 249),
	(458, 6, 'E', 'REGULAR', 3, 249),
	(459, 7, 'E', 'REGULAR', 3, 249),
	(460, 8, 'E', 'REGULAR', 3, 249),
	(461, 9, 'E', 'REGULAR', 3, 249),
	(462, 10, 'E', 'REGULAR', 3, 249),
	(463, 11, 'E', 'REGULAR', 3, 249),
	(464, 12, 'E', 'REGULAR', 3, 249),
	(465, 13, 'E', 'REGULAR', 3, 249),
	(466, 14, 'E', 'REGULAR', 3, 249),
	(467, 15, 'E', 'REGULAR', 3, 249),
	(468, 16, 'E', 'REGULAR', 3, 249),
	(469, 17, 'E', 'REGULAR', 3, 249),
	(470, 18, 'E', 'REGULAR', 3, 249),
	(471, 19, 'E', 'REGULAR', 3, 249),
	(472, 20, 'E', 'REGULAR', 3, 249),
	(473, 1, 'F', 'REGULAR', 3, 249),
	(474, 2, 'F', 'REGULAR', 3, 249),
	(475, 3, 'F', 'REGULAR', 3, 249),
	(476, 4, 'F', 'REGULAR', 3, 249),
	(477, 5, 'F', 'REGULAR', 3, 249),
	(478, 6, 'F', 'REGULAR', 3, 249),
	(479, 7, 'F', 'REGULAR', 3, 249),
	(480, 8, 'F', 'REGULAR', 3, 249),
	(481, 9, 'F', 'REGULAR', 3, 249),
	(482, 10, 'F', 'REGULAR', 3, 249),
	(483, 11, 'F', 'REGULAR', 3, 249),
	(484, 12, 'F', 'REGULAR', 3, 249),
	(485, 13, 'F', 'REGULAR', 3, 249),
	(486, 14, 'F', 'REGULAR', 3, 249),
	(487, 15, 'F', 'REGULAR', 3, 249),
	(488, 16, 'F', 'REGULAR', 3, 249),
	(489, 17, 'F', 'REGULAR', 3, 249),
	(490, 18, 'F', 'REGULAR', 3, 249),
	(491, 19, 'F', 'REGULAR', 3, 249),
	(492, 20, 'F', 'REGULAR', 3, 249),
	(493, 1, 'G', 'REGULAR', 3, 249),
	(494, 2, 'G', 'REGULAR', 3, 249),
	(495, 3, 'G', 'REGULAR', 3, 249),
	(496, 4, 'G', 'REGULAR', 3, 249),
	(497, 5, 'G', 'REGULAR', 3, 249),
	(498, 6, 'G', 'REGULAR', 3, 249),
	(499, 7, 'G', 'REGULAR', 3, 249),
	(500, 8, 'G', 'REGULAR', 3, 249),
	(501, 9, 'G', 'REGULAR', 3, 249),
	(502, 10, 'G', 'REGULAR', 3, 249),
	(503, 11, 'G', 'REGULAR', 3, 249),
	(504, 12, 'G', 'REGULAR', 3, 249),
	(505, 13, 'G', 'REGULAR', 3, 249),
	(506, 14, 'G', 'REGULAR', 3, 249),
	(507, 15, 'G', 'REGULAR', 3, 249),
	(508, 16, 'G', 'REGULAR', 3, 249),
	(509, 17, 'G', 'REGULAR', 3, 249),
	(510, 18, 'G', 'REGULAR', 3, 249),
	(511, 19, 'G', 'REGULAR', 3, 249),
	(512, 20, 'G', 'REGULAR', 3, 249),
	(513, 1, 'H', 'REGULAR', 3, 249),
	(514, 2, 'H', 'REGULAR', 3, 249),
	(515, 3, 'H', 'REGULAR', 3, 249),
	(516, 4, 'H', 'REGULAR', 3, 249),
	(517, 5, 'H', 'REGULAR', 3, 249),
	(518, 6, 'H', 'REGULAR', 3, 249),
	(519, 7, 'H', 'REGULAR', 3, 249),
	(520, 8, 'H', 'REGULAR', 3, 249),
	(521, 9, 'H', 'REGULAR', 3, 249),
	(522, 10, 'H', 'REGULAR', 3, 249),
	(523, 11, 'H', 'REGULAR', 3, 249),
	(524, 12, 'H', 'REGULAR', 3, 249),
	(525, 13, 'H', 'REGULAR', 3, 249),
	(526, 14, 'H', 'REGULAR', 3, 249),
	(527, 15, 'H', 'REGULAR', 3, 249),
	(528, 16, 'H', 'REGULAR', 3, 249),
	(529, 17, 'H', 'REGULAR', 3, 249),
	(530, 18, 'H', 'REGULAR', 3, 249),
	(531, 19, 'H', 'REGULAR', 3, 249),
	(532, 20, 'H', 'REGULAR', 3, 249),
	(533, 1, 'J', 'PREMIUM', 3, 399),
	(534, 2, 'J', 'PREMIUM', 3, 399),
	(535, 3, 'J', 'PREMIUM', 3, 399),
	(536, 4, 'J', 'PREMIUM', 3, 399),
	(537, 5, 'J', 'PREMIUM', 3, 399),
	(538, 6, 'J', 'PREMIUM', 3, 399),
	(539, 7, 'J', 'PREMIUM', 3, 399),
	(540, 8, 'J', 'PREMIUM', 3, 399),
	(541, 9, 'J', 'PREMIUM', 3, 399),
	(542, 10, 'J', 'PREMIUM', 3, 399),
	(543, 11, 'J', 'PREMIUM', 3, 399),
	(544, 12, 'J', 'PREMIUM', 3, 399),
	(545, 1, 'K', 'PREMIUM', 3, 399),
	(546, 2, 'K', 'PREMIUM', 3, 399),
	(547, 3, 'K', 'PREMIUM', 3, 399),
	(548, 4, 'K', 'PREMIUM', 3, 399),
	(549, 5, 'K', 'PREMIUM', 3, 399),
	(550, 6, 'K', 'PREMIUM', 3, 399),
	(551, 7, 'K', 'PREMIUM', 3, 399),
	(552, 8, 'K', 'PREMIUM', 3, 399),
	(553, 9, 'K', 'PREMIUM', 3, 399),
	(554, 10, 'K', 'PREMIUM', 3, 399),
	(555, 11, 'K', 'PREMIUM', 3, 399),
	(556, 12, 'K', 'PREMIUM', 3, 399),
	(557, 13, 'K', 'PREMIUM', 3, 399),
	(558, 14, 'K', 'PREMIUM', 3, 399),
	(559, 1, 'A', 'REGULAR', 4, 249),
	(560, 2, 'A', 'REGULAR', 4, 249),
	(561, 3, 'A', 'REGULAR', 4, 249),
	(562, 4, 'A', 'REGULAR', 4, 249),
	(563, 5, 'A', 'REGULAR', 4, 249),
	(564, 6, 'A', 'REGULAR', 4, 249),
	(565, 7, 'A', 'REGULAR', 4, 249),
	(566, 8, 'A', 'REGULAR', 4, 249),
	(567, 9, 'A', 'REGULAR', 4, 249),
	(568, 10, 'A', 'REGULAR', 4, 249),
	(569, 11, 'A', 'REGULAR', 4, 249),
	(570, 12, 'A', 'REGULAR', 4, 249),
	(571, 13, 'A', 'REGULAR', 4, 249),
	(572, 14, 'A', 'REGULAR', 4, 249),
	(573, 15, 'A', 'REGULAR', 4, 249),
	(574, 16, 'A', 'REGULAR', 4, 249),
	(575, 17, 'A', 'REGULAR', 4, 249),
	(576, 18, 'A', 'REGULAR', 4, 249),
	(577, 19, 'A', 'REGULAR', 4, 249),
	(578, 20, 'A', 'REGULAR', 4, 249),
	(579, 1, 'B', 'REGULAR', 4, 249),
	(580, 2, 'B', 'REGULAR', 4, 249),
	(581, 3, 'B', 'REGULAR', 4, 249),
	(582, 4, 'B', 'REGULAR', 4, 249),
	(583, 5, 'B', 'REGULAR', 4, 249),
	(584, 6, 'B', 'REGULAR', 4, 249),
	(585, 7, 'B', 'REGULAR', 4, 249),
	(586, 8, 'B', 'REGULAR', 4, 249),
	(587, 9, 'B', 'REGULAR', 4, 249),
	(588, 10, 'B', 'REGULAR', 4, 249),
	(589, 11, 'B', 'REGULAR', 4, 249),
	(590, 12, 'B', 'REGULAR', 4, 249),
	(591, 13, 'B', 'REGULAR', 4, 249),
	(592, 14, 'B', 'REGULAR', 4, 249),
	(593, 15, 'B', 'REGULAR', 4, 249),
	(594, 16, 'B', 'REGULAR', 4, 249),
	(595, 17, 'B', 'REGULAR', 4, 249),
	(596, 18, 'B', 'REGULAR', 4, 249),
	(597, 19, 'B', 'REGULAR', 4, 249),
	(598, 20, 'B', 'REGULAR', 4, 249),
	(599, 1, 'C', 'REGULAR', 4, 249),
	(600, 2, 'C', 'REGULAR', 4, 249),
	(601, 3, 'C', 'REGULAR', 4, 249),
	(602, 4, 'C', 'REGULAR', 4, 249),
	(603, 5, 'C', 'REGULAR', 4, 249),
	(604, 6, 'C', 'REGULAR', 4, 249),
	(605, 7, 'C', 'REGULAR', 4, 249),
	(606, 8, 'C', 'REGULAR', 4, 249),
	(607, 9, 'C', 'REGULAR', 4, 249),
	(608, 10, 'C', 'REGULAR', 4, 249),
	(609, 11, 'C', 'REGULAR', 4, 249),
	(610, 12, 'C', 'REGULAR', 4, 249),
	(611, 13, 'C', 'REGULAR', 4, 249),
	(612, 14, 'C', 'REGULAR', 4, 249),
	(613, 15, 'C', 'REGULAR', 4, 249),
	(614, 16, 'C', 'REGULAR', 4, 249),
	(615, 17, 'C', 'REGULAR', 4, 249),
	(616, 18, 'C', 'REGULAR', 4, 249),
	(617, 19, 'C', 'REGULAR', 4, 249),
	(618, 20, 'C', 'REGULAR', 4, 249),
	(619, 1, 'D', 'REGULAR', 4, 249),
	(620, 2, 'D', 'REGULAR', 4, 249),
	(621, 3, 'D', 'REGULAR', 4, 249),
	(622, 4, 'D', 'REGULAR', 4, 249),
	(623, 5, 'D', 'REGULAR', 4, 249),
	(624, 6, 'D', 'REGULAR', 4, 249),
	(625, 7, 'D', 'REGULAR', 4, 249),
	(626, 8, 'D', 'REGULAR', 4, 249),
	(627, 9, 'D', 'REGULAR', 4, 249),
	(628, 10, 'D', 'REGULAR', 4, 249),
	(629, 11, 'D', 'REGULAR', 4, 249),
	(630, 12, 'D', 'REGULAR', 4, 249),
	(631, 13, 'D', 'REGULAR', 4, 249),
	(632, 14, 'D', 'REGULAR', 4, 249),
	(633, 15, 'D', 'REGULAR', 4, 249),
	(634, 16, 'D', 'REGULAR', 4, 249),
	(635, 17, 'D', 'REGULAR', 4, 249),
	(636, 18, 'D', 'REGULAR', 4, 249),
	(637, 19, 'D', 'REGULAR', 4, 249),
	(638, 20, 'D', 'REGULAR', 4, 249),
	(639, 1, 'E', 'REGULAR', 4, 249),
	(640, 2, 'E', 'REGULAR', 4, 249),
	(641, 3, 'E', 'REGULAR', 4, 249),
	(642, 4, 'E', 'REGULAR', 4, 249),
	(643, 5, 'E', 'REGULAR', 4, 249),
	(644, 6, 'E', 'REGULAR', 4, 249),
	(645, 7, 'E', 'REGULAR', 4, 249),
	(646, 8, 'E', 'REGULAR', 4, 249),
	(647, 9, 'E', 'REGULAR', 4, 249),
	(648, 10, 'E', 'REGULAR', 4, 249),
	(649, 11, 'E', 'REGULAR', 4, 249),
	(650, 12, 'E', 'REGULAR', 4, 249),
	(651, 13, 'E', 'REGULAR', 4, 249),
	(652, 14, 'E', 'REGULAR', 4, 249),
	(653, 15, 'E', 'REGULAR', 4, 249),
	(654, 16, 'E', 'REGULAR', 4, 249),
	(655, 17, 'E', 'REGULAR', 4, 249),
	(656, 18, 'E', 'REGULAR', 4, 249),
	(657, 19, 'E', 'REGULAR', 4, 249),
	(658, 20, 'E', 'REGULAR', 4, 249),
	(659, 1, 'F', 'REGULAR', 4, 249),
	(660, 2, 'F', 'REGULAR', 4, 249),
	(661, 3, 'F', 'REGULAR', 4, 249),
	(662, 4, 'F', 'REGULAR', 4, 249),
	(663, 5, 'F', 'REGULAR', 4, 249),
	(664, 6, 'F', 'REGULAR', 4, 249),
	(665, 7, 'F', 'REGULAR', 4, 249),
	(666, 8, 'F', 'REGULAR', 4, 249),
	(667, 9, 'F', 'REGULAR', 4, 249),
	(668, 10, 'F', 'REGULAR', 4, 249),
	(669, 11, 'F', 'REGULAR', 4, 249),
	(670, 12, 'F', 'REGULAR', 4, 249),
	(671, 13, 'F', 'REGULAR', 4, 249),
	(672, 14, 'F', 'REGULAR', 4, 249),
	(673, 15, 'F', 'REGULAR', 4, 249),
	(674, 16, 'F', 'REGULAR', 4, 249),
	(675, 17, 'F', 'REGULAR', 4, 249),
	(676, 18, 'F', 'REGULAR', 4, 249),
	(677, 19, 'F', 'REGULAR', 4, 249),
	(678, 20, 'F', 'REGULAR', 4, 249),
	(679, 1, 'G', 'REGULAR', 4, 249),
	(680, 2, 'G', 'REGULAR', 4, 249),
	(681, 3, 'G', 'REGULAR', 4, 249),
	(682, 4, 'G', 'REGULAR', 4, 249),
	(683, 5, 'G', 'REGULAR', 4, 249),
	(684, 6, 'G', 'REGULAR', 4, 249),
	(685, 7, 'G', 'REGULAR', 4, 249),
	(686, 8, 'G', 'REGULAR', 4, 249),
	(687, 9, 'G', 'REGULAR', 4, 249),
	(688, 10, 'G', 'REGULAR', 4, 249),
	(689, 11, 'G', 'REGULAR', 4, 249),
	(690, 12, 'G', 'REGULAR', 4, 249),
	(691, 13, 'G', 'REGULAR', 4, 249),
	(692, 14, 'G', 'REGULAR', 4, 249),
	(693, 15, 'G', 'REGULAR', 4, 249),
	(694, 16, 'G', 'REGULAR', 4, 249),
	(695, 17, 'G', 'REGULAR', 4, 249),
	(696, 18, 'G', 'REGULAR', 4, 249),
	(697, 19, 'G', 'REGULAR', 4, 249),
	(698, 20, 'G', 'REGULAR', 4, 249),
	(699, 1, 'H', 'REGULAR', 4, 249),
	(700, 2, 'H', 'REGULAR', 4, 249),
	(701, 3, 'H', 'REGULAR', 4, 249),
	(702, 4, 'H', 'REGULAR', 4, 249),
	(703, 5, 'H', 'REGULAR', 4, 249),
	(704, 6, 'H', 'REGULAR', 4, 249),
	(705, 7, 'H', 'REGULAR', 4, 249),
	(706, 8, 'H', 'REGULAR', 4, 249),
	(707, 9, 'H', 'REGULAR', 4, 249),
	(708, 10, 'H', 'REGULAR', 4, 249),
	(709, 11, 'H', 'REGULAR', 4, 249),
	(710, 12, 'H', 'REGULAR', 4, 249),
	(711, 13, 'H', 'REGULAR', 4, 249),
	(712, 14, 'H', 'REGULAR', 4, 249),
	(713, 15, 'H', 'REGULAR', 4, 249),
	(714, 16, 'H', 'REGULAR', 4, 249),
	(715, 17, 'H', 'REGULAR', 4, 249),
	(716, 18, 'H', 'REGULAR', 4, 249),
	(717, 19, 'H', 'REGULAR', 4, 249),
	(718, 20, 'H', 'REGULAR', 4, 249),
	(719, 1, 'J', 'PREMIUM', 4, 399),
	(720, 2, 'J', 'PREMIUM', 4, 399),
	(721, 3, 'J', 'PREMIUM', 4, 399),
	(722, 4, 'J', 'PREMIUM', 4, 399),
	(723, 5, 'J', 'PREMIUM', 4, 399),
	(724, 6, 'J', 'PREMIUM', 4, 399),
	(725, 7, 'J', 'PREMIUM', 4, 399),
	(726, 8, 'J', 'PREMIUM', 4, 399),
	(727, 9, 'J', 'PREMIUM', 4, 399),
	(728, 10, 'J', 'PREMIUM', 4, 399),
	(729, 11, 'J', 'PREMIUM', 4, 399),
	(730, 12, 'J', 'PREMIUM', 4, 399),
	(731, 1, 'K', 'PREMIUM', 4, 399),
	(732, 2, 'K', 'PREMIUM', 4, 399),
	(733, 3, 'K', 'PREMIUM', 4, 399),
	(734, 4, 'K', 'PREMIUM', 4, 399),
	(735, 5, 'K', 'PREMIUM', 4, 399),
	(736, 6, 'K', 'PREMIUM', 4, 399),
	(737, 7, 'K', 'PREMIUM', 4, 399),
	(738, 8, 'K', 'PREMIUM', 4, 399),
	(739, 9, 'K', 'PREMIUM', 4, 399),
	(740, 10, 'K', 'PREMIUM', 4, 399),
	(741, 11, 'K', 'PREMIUM', 4, 399),
	(742, 12, 'K', 'PREMIUM', 4, 399),
	(743, 13, 'K', 'PREMIUM', 4, 399),
	(744, 14, 'K', 'PREMIUM', 4, 399),
	(745, 1, 'A', 'REGULAR', 5, 249),
	(746, 2, 'A', 'REGULAR', 5, 249),
	(747, 3, 'A', 'REGULAR', 5, 249),
	(748, 4, 'A', 'REGULAR', 5, 249),
	(749, 5, 'A', 'REGULAR', 5, 249),
	(750, 6, 'A', 'REGULAR', 5, 249),
	(751, 7, 'A', 'REGULAR', 5, 249),
	(752, 8, 'A', 'REGULAR', 5, 249),
	(753, 9, 'A', 'REGULAR', 5, 249),
	(754, 10, 'A', 'REGULAR', 5, 249),
	(755, 11, 'A', 'REGULAR', 5, 249),
	(756, 12, 'A', 'REGULAR', 5, 249),
	(757, 13, 'A', 'REGULAR', 5, 249),
	(758, 14, 'A', 'REGULAR', 5, 249),
	(759, 15, 'A', 'REGULAR', 5, 249),
	(760, 16, 'A', 'REGULAR', 5, 249),
	(761, 17, 'A', 'REGULAR', 5, 249),
	(762, 18, 'A', 'REGULAR', 5, 249),
	(763, 19, 'A', 'REGULAR', 5, 249),
	(764, 20, 'A', 'REGULAR', 5, 249),
	(765, 1, 'B', 'REGULAR', 5, 249),
	(766, 2, 'B', 'REGULAR', 5, 249),
	(767, 3, 'B', 'REGULAR', 5, 249),
	(768, 4, 'B', 'REGULAR', 5, 249),
	(769, 5, 'B', 'REGULAR', 5, 249),
	(770, 6, 'B', 'REGULAR', 5, 249),
	(771, 7, 'B', 'REGULAR', 5, 249),
	(772, 8, 'B', 'REGULAR', 5, 249),
	(773, 9, 'B', 'REGULAR', 5, 249),
	(774, 10, 'B', 'REGULAR', 5, 249),
	(775, 11, 'B', 'REGULAR', 5, 249),
	(776, 12, 'B', 'REGULAR', 5, 249),
	(777, 13, 'B', 'REGULAR', 5, 249),
	(778, 14, 'B', 'REGULAR', 5, 249),
	(779, 15, 'B', 'REGULAR', 5, 249),
	(780, 16, 'B', 'REGULAR', 5, 249),
	(781, 17, 'B', 'REGULAR', 5, 249),
	(782, 18, 'B', 'REGULAR', 5, 249),
	(783, 19, 'B', 'REGULAR', 5, 249),
	(784, 20, 'B', 'REGULAR', 5, 249),
	(785, 1, 'C', 'REGULAR', 5, 249),
	(786, 2, 'C', 'REGULAR', 5, 249),
	(787, 3, 'C', 'REGULAR', 5, 249),
	(788, 4, 'C', 'REGULAR', 5, 249),
	(789, 5, 'C', 'REGULAR', 5, 249),
	(790, 6, 'C', 'REGULAR', 5, 249),
	(791, 7, 'C', 'REGULAR', 5, 249),
	(792, 8, 'C', 'REGULAR', 5, 249),
	(793, 9, 'C', 'REGULAR', 5, 249),
	(794, 10, 'C', 'REGULAR', 5, 249),
	(795, 11, 'C', 'REGULAR', 5, 249),
	(796, 12, 'C', 'REGULAR', 5, 249),
	(797, 13, 'C', 'REGULAR', 5, 249),
	(798, 14, 'C', 'REGULAR', 5, 249),
	(799, 15, 'C', 'REGULAR', 5, 249),
	(800, 16, 'C', 'REGULAR', 5, 249),
	(801, 17, 'C', 'REGULAR', 5, 249),
	(802, 18, 'C', 'REGULAR', 5, 249),
	(803, 19, 'C', 'REGULAR', 5, 249),
	(804, 20, 'C', 'REGULAR', 5, 249),
	(805, 1, 'D', 'REGULAR', 5, 249),
	(806, 2, 'D', 'REGULAR', 5, 249),
	(807, 3, 'D', 'REGULAR', 5, 249),
	(808, 4, 'D', 'REGULAR', 5, 249),
	(809, 5, 'D', 'REGULAR', 5, 249),
	(810, 6, 'D', 'REGULAR', 5, 249),
	(811, 7, 'D', 'REGULAR', 5, 249),
	(812, 8, 'D', 'REGULAR', 5, 249),
	(813, 9, 'D', 'REGULAR', 5, 249),
	(814, 10, 'D', 'REGULAR', 5, 249),
	(815, 11, 'D', 'REGULAR', 5, 249),
	(816, 12, 'D', 'REGULAR', 5, 249),
	(817, 13, 'D', 'REGULAR', 5, 249),
	(818, 14, 'D', 'REGULAR', 5, 249),
	(819, 15, 'D', 'REGULAR', 5, 249),
	(820, 16, 'D', 'REGULAR', 5, 249),
	(821, 17, 'D', 'REGULAR', 5, 249),
	(822, 18, 'D', 'REGULAR', 5, 249),
	(823, 19, 'D', 'REGULAR', 5, 249),
	(824, 20, 'D', 'REGULAR', 5, 249),
	(825, 1, 'E', 'REGULAR', 5, 249),
	(826, 2, 'E', 'REGULAR', 5, 249),
	(827, 3, 'E', 'REGULAR', 5, 249),
	(828, 4, 'E', 'REGULAR', 5, 249),
	(829, 5, 'E', 'REGULAR', 5, 249),
	(830, 6, 'E', 'REGULAR', 5, 249),
	(831, 7, 'E', 'REGULAR', 5, 249),
	(832, 8, 'E', 'REGULAR', 5, 249),
	(833, 9, 'E', 'REGULAR', 5, 249),
	(834, 10, 'E', 'REGULAR', 5, 249),
	(835, 11, 'E', 'REGULAR', 5, 249),
	(836, 12, 'E', 'REGULAR', 5, 249),
	(837, 13, 'E', 'REGULAR', 5, 249),
	(838, 14, 'E', 'REGULAR', 5, 249),
	(839, 15, 'E', 'REGULAR', 5, 249),
	(840, 16, 'E', 'REGULAR', 5, 249),
	(841, 17, 'E', 'REGULAR', 5, 249),
	(842, 18, 'E', 'REGULAR', 5, 249),
	(843, 19, 'E', 'REGULAR', 5, 249),
	(844, 20, 'E', 'REGULAR', 5, 249),
	(845, 1, 'F', 'REGULAR', 5, 249),
	(846, 2, 'F', 'REGULAR', 5, 249),
	(847, 3, 'F', 'REGULAR', 5, 249),
	(848, 4, 'F', 'REGULAR', 5, 249),
	(849, 5, 'F', 'REGULAR', 5, 249),
	(850, 6, 'F', 'REGULAR', 5, 249),
	(851, 7, 'F', 'REGULAR', 5, 249),
	(852, 8, 'F', 'REGULAR', 5, 249),
	(853, 9, 'F', 'REGULAR', 5, 249),
	(854, 10, 'F', 'REGULAR', 5, 249),
	(855, 11, 'F', 'REGULAR', 5, 249),
	(856, 12, 'F', 'REGULAR', 5, 249),
	(857, 13, 'F', 'REGULAR', 5, 249),
	(858, 14, 'F', 'REGULAR', 5, 249),
	(859, 15, 'F', 'REGULAR', 5, 249),
	(860, 16, 'F', 'REGULAR', 5, 249),
	(861, 17, 'F', 'REGULAR', 5, 249),
	(862, 18, 'F', 'REGULAR', 5, 249),
	(863, 19, 'F', 'REGULAR', 5, 249),
	(864, 20, 'F', 'REGULAR', 5, 249),
	(865, 1, 'G', 'REGULAR', 5, 249),
	(866, 2, 'G', 'REGULAR', 5, 249),
	(867, 3, 'G', 'REGULAR', 5, 249),
	(868, 4, 'G', 'REGULAR', 5, 249),
	(869, 5, 'G', 'REGULAR', 5, 249),
	(870, 6, 'G', 'REGULAR', 5, 249),
	(871, 7, 'G', 'REGULAR', 5, 249),
	(872, 8, 'G', 'REGULAR', 5, 249),
	(873, 9, 'G', 'REGULAR', 5, 249),
	(874, 10, 'G', 'REGULAR', 5, 249),
	(875, 11, 'G', 'REGULAR', 5, 249),
	(876, 12, 'G', 'REGULAR', 5, 249),
	(877, 13, 'G', 'REGULAR', 5, 249),
	(878, 14, 'G', 'REGULAR', 5, 249),
	(879, 15, 'G', 'REGULAR', 5, 249),
	(880, 16, 'G', 'REGULAR', 5, 249),
	(881, 17, 'G', 'REGULAR', 5, 249),
	(882, 18, 'G', 'REGULAR', 5, 249),
	(883, 19, 'G', 'REGULAR', 5, 249),
	(884, 20, 'G', 'REGULAR', 5, 249),
	(885, 1, 'H', 'REGULAR', 5, 249),
	(886, 2, 'H', 'REGULAR', 5, 249),
	(887, 3, 'H', 'REGULAR', 5, 249),
	(888, 4, 'H', 'REGULAR', 5, 249),
	(889, 5, 'H', 'REGULAR', 5, 249),
	(890, 6, 'H', 'REGULAR', 5, 249),
	(891, 7, 'H', 'REGULAR', 5, 249),
	(892, 8, 'H', 'REGULAR', 5, 249),
	(893, 9, 'H', 'REGULAR', 5, 249),
	(894, 10, 'H', 'REGULAR', 5, 249),
	(895, 11, 'H', 'REGULAR', 5, 249),
	(896, 12, 'H', 'REGULAR', 5, 249),
	(897, 13, 'H', 'REGULAR', 5, 249),
	(898, 14, 'H', 'REGULAR', 5, 249),
	(899, 15, 'H', 'REGULAR', 5, 249),
	(900, 16, 'H', 'REGULAR', 5, 249),
	(901, 17, 'H', 'REGULAR', 5, 249),
	(902, 18, 'H', 'REGULAR', 5, 249),
	(903, 19, 'H', 'REGULAR', 5, 249),
	(904, 20, 'H', 'REGULAR', 5, 249),
	(905, 1, 'J', 'PREMIUM', 5, 399),
	(906, 2, 'J', 'PREMIUM', 5, 399),
	(907, 3, 'J', 'PREMIUM', 5, 399),
	(908, 4, 'J', 'PREMIUM', 5, 399),
	(909, 5, 'J', 'PREMIUM', 5, 399),
	(910, 6, 'J', 'PREMIUM', 5, 399),
	(911, 7, 'J', 'PREMIUM', 5, 399),
	(912, 8, 'J', 'PREMIUM', 5, 399),
	(913, 9, 'J', 'PREMIUM', 5, 399),
	(914, 10, 'J', 'PREMIUM', 5, 399),
	(915, 11, 'J', 'PREMIUM', 5, 399),
	(916, 12, 'J', 'PREMIUM', 5, 399),
	(917, 1, 'K', 'PREMIUM', 5, 399),
	(918, 2, 'K', 'PREMIUM', 5, 399),
	(919, 3, 'K', 'PREMIUM', 5, 399),
	(920, 4, 'K', 'PREMIUM', 5, 399),
	(921, 5, 'K', 'PREMIUM', 5, 399),
	(922, 6, 'K', 'PREMIUM', 5, 399),
	(923, 7, 'K', 'PREMIUM', 5, 399),
	(924, 8, 'K', 'PREMIUM', 5, 399),
	(925, 9, 'K', 'PREMIUM', 5, 399),
	(926, 10, 'K', 'PREMIUM', 5, 399),
	(927, 11, 'K', 'PREMIUM', 5, 399),
	(928, 12, 'K', 'PREMIUM', 5, 399),
	(929, 13, 'K', 'PREMIUM', 5, 399),
	(930, 14, 'K', 'PREMIUM', 5, 399),
	(931, 1, 'A', 'REGULAR', 6, 249),
	(932, 2, 'A', 'REGULAR', 6, 249),
	(933, 3, 'A', 'REGULAR', 6, 249),
	(934, 4, 'A', 'REGULAR', 6, 249),
	(935, 5, 'A', 'REGULAR', 6, 249),
	(936, 6, 'A', 'REGULAR', 6, 249),
	(937, 7, 'A', 'REGULAR', 6, 249),
	(938, 8, 'A', 'REGULAR', 6, 249),
	(939, 9, 'A', 'REGULAR', 6, 249),
	(940, 10, 'A', 'REGULAR', 6, 249),
	(941, 11, 'A', 'REGULAR', 6, 249),
	(942, 12, 'A', 'REGULAR', 6, 249),
	(943, 13, 'A', 'REGULAR', 6, 249),
	(944, 14, 'A', 'REGULAR', 6, 249),
	(945, 15, 'A', 'REGULAR', 6, 249),
	(946, 16, 'A', 'REGULAR', 6, 249),
	(947, 17, 'A', 'REGULAR', 6, 249),
	(948, 18, 'A', 'REGULAR', 6, 249),
	(949, 19, 'A', 'REGULAR', 6, 249),
	(950, 20, 'A', 'REGULAR', 6, 249),
	(951, 1, 'B', 'REGULAR', 6, 249),
	(952, 2, 'B', 'REGULAR', 6, 249),
	(953, 3, 'B', 'REGULAR', 6, 249),
	(954, 4, 'B', 'REGULAR', 6, 249),
	(955, 5, 'B', 'REGULAR', 6, 249),
	(956, 6, 'B', 'REGULAR', 6, 249),
	(957, 7, 'B', 'REGULAR', 6, 249),
	(958, 8, 'B', 'REGULAR', 6, 249),
	(959, 9, 'B', 'REGULAR', 6, 249),
	(960, 10, 'B', 'REGULAR', 6, 249),
	(961, 11, 'B', 'REGULAR', 6, 249),
	(962, 12, 'B', 'REGULAR', 6, 249),
	(963, 13, 'B', 'REGULAR', 6, 249),
	(964, 14, 'B', 'REGULAR', 6, 249),
	(965, 15, 'B', 'REGULAR', 6, 249),
	(966, 16, 'B', 'REGULAR', 6, 249),
	(967, 17, 'B', 'REGULAR', 6, 249),
	(968, 18, 'B', 'REGULAR', 6, 249),
	(969, 19, 'B', 'REGULAR', 6, 249),
	(970, 20, 'B', 'REGULAR', 6, 249),
	(971, 1, 'C', 'REGULAR', 6, 249),
	(972, 2, 'C', 'REGULAR', 6, 249),
	(973, 3, 'C', 'REGULAR', 6, 249),
	(974, 4, 'C', 'REGULAR', 6, 249),
	(975, 5, 'C', 'REGULAR', 6, 249),
	(976, 6, 'C', 'REGULAR', 6, 249),
	(977, 7, 'C', 'REGULAR', 6, 249),
	(978, 8, 'C', 'REGULAR', 6, 249),
	(979, 9, 'C', 'REGULAR', 6, 249),
	(980, 10, 'C', 'REGULAR', 6, 249),
	(981, 11, 'C', 'REGULAR', 6, 249),
	(982, 12, 'C', 'REGULAR', 6, 249),
	(983, 13, 'C', 'REGULAR', 6, 249),
	(984, 14, 'C', 'REGULAR', 6, 249),
	(985, 15, 'C', 'REGULAR', 6, 249),
	(986, 16, 'C', 'REGULAR', 6, 249),
	(987, 17, 'C', 'REGULAR', 6, 249),
	(988, 18, 'C', 'REGULAR', 6, 249),
	(989, 19, 'C', 'REGULAR', 6, 249),
	(990, 20, 'C', 'REGULAR', 6, 249),
	(991, 1, 'D', 'REGULAR', 6, 249),
	(992, 2, 'D', 'REGULAR', 6, 249),
	(993, 3, 'D', 'REGULAR', 6, 249),
	(994, 4, 'D', 'REGULAR', 6, 249),
	(995, 5, 'D', 'REGULAR', 6, 249),
	(996, 6, 'D', 'REGULAR', 6, 249),
	(997, 7, 'D', 'REGULAR', 6, 249),
	(998, 8, 'D', 'REGULAR', 6, 249),
	(999, 9, 'D', 'REGULAR', 6, 249),
	(1000, 10, 'D', 'REGULAR', 6, 249),
	(1001, 11, 'D', 'REGULAR', 6, 249),
	(1002, 12, 'D', 'REGULAR', 6, 249),
	(1003, 13, 'D', 'REGULAR', 6, 249),
	(1004, 14, 'D', 'REGULAR', 6, 249),
	(1005, 15, 'D', 'REGULAR', 6, 249),
	(1006, 16, 'D', 'REGULAR', 6, 249),
	(1007, 17, 'D', 'REGULAR', 6, 249),
	(1008, 18, 'D', 'REGULAR', 6, 249),
	(1009, 19, 'D', 'REGULAR', 6, 249),
	(1010, 20, 'D', 'REGULAR', 6, 249),
	(1011, 1, 'E', 'REGULAR', 6, 249),
	(1012, 2, 'E', 'REGULAR', 6, 249),
	(1013, 3, 'E', 'REGULAR', 6, 249),
	(1014, 4, 'E', 'REGULAR', 6, 249),
	(1015, 5, 'E', 'REGULAR', 6, 249),
	(1016, 6, 'E', 'REGULAR', 6, 249),
	(1017, 7, 'E', 'REGULAR', 6, 249),
	(1018, 8, 'E', 'REGULAR', 6, 249),
	(1019, 9, 'E', 'REGULAR', 6, 249),
	(1020, 10, 'E', 'REGULAR', 6, 249),
	(1021, 11, 'E', 'REGULAR', 6, 249),
	(1022, 12, 'E', 'REGULAR', 6, 249),
	(1023, 13, 'E', 'REGULAR', 6, 249),
	(1024, 14, 'E', 'REGULAR', 6, 249),
	(1025, 15, 'E', 'REGULAR', 6, 249),
	(1026, 16, 'E', 'REGULAR', 6, 249),
	(1027, 17, 'E', 'REGULAR', 6, 249),
	(1028, 18, 'E', 'REGULAR', 6, 249),
	(1029, 19, 'E', 'REGULAR', 6, 249),
	(1030, 20, 'E', 'REGULAR', 6, 249),
	(1031, 1, 'F', 'REGULAR', 6, 249),
	(1032, 2, 'F', 'REGULAR', 6, 249),
	(1033, 3, 'F', 'REGULAR', 6, 249),
	(1034, 4, 'F', 'REGULAR', 6, 249),
	(1035, 5, 'F', 'REGULAR', 6, 249),
	(1036, 6, 'F', 'REGULAR', 6, 249),
	(1037, 7, 'F', 'REGULAR', 6, 249),
	(1038, 8, 'F', 'REGULAR', 6, 249),
	(1039, 9, 'F', 'REGULAR', 6, 249),
	(1040, 10, 'F', 'REGULAR', 6, 249),
	(1041, 11, 'F', 'REGULAR', 6, 249),
	(1042, 12, 'F', 'REGULAR', 6, 249),
	(1043, 13, 'F', 'REGULAR', 6, 249),
	(1044, 14, 'F', 'REGULAR', 6, 249),
	(1045, 15, 'F', 'REGULAR', 6, 249),
	(1046, 16, 'F', 'REGULAR', 6, 249),
	(1047, 17, 'F', 'REGULAR', 6, 249),
	(1048, 18, 'F', 'REGULAR', 6, 249),
	(1049, 19, 'F', 'REGULAR', 6, 249),
	(1050, 20, 'F', 'REGULAR', 6, 249),
	(1051, 1, 'G', 'REGULAR', 6, 249),
	(1052, 2, 'G', 'REGULAR', 6, 249),
	(1053, 3, 'G', 'REGULAR', 6, 249),
	(1054, 4, 'G', 'REGULAR', 6, 249),
	(1055, 5, 'G', 'REGULAR', 6, 249),
	(1056, 6, 'G', 'REGULAR', 6, 249),
	(1057, 7, 'G', 'REGULAR', 6, 249),
	(1058, 8, 'G', 'REGULAR', 6, 249),
	(1059, 9, 'G', 'REGULAR', 6, 249),
	(1060, 10, 'G', 'REGULAR', 6, 249),
	(1061, 11, 'G', 'REGULAR', 6, 249),
	(1062, 12, 'G', 'REGULAR', 6, 249),
	(1063, 13, 'G', 'REGULAR', 6, 249),
	(1064, 14, 'G', 'REGULAR', 6, 249),
	(1065, 15, 'G', 'REGULAR', 6, 249),
	(1066, 16, 'G', 'REGULAR', 6, 249),
	(1067, 17, 'G', 'REGULAR', 6, 249),
	(1068, 18, 'G', 'REGULAR', 6, 249),
	(1069, 19, 'G', 'REGULAR', 6, 249),
	(1070, 20, 'G', 'REGULAR', 6, 249),
	(1071, 1, 'H', 'REGULAR', 6, 249),
	(1072, 2, 'H', 'REGULAR', 6, 249),
	(1073, 3, 'H', 'REGULAR', 6, 249),
	(1074, 4, 'H', 'REGULAR', 6, 249),
	(1075, 5, 'H', 'REGULAR', 6, 249),
	(1076, 6, 'H', 'REGULAR', 6, 249),
	(1077, 7, 'H', 'REGULAR', 6, 249),
	(1078, 8, 'H', 'REGULAR', 6, 249),
	(1079, 9, 'H', 'REGULAR', 6, 249),
	(1080, 10, 'H', 'REGULAR', 6, 249),
	(1081, 11, 'H', 'REGULAR', 6, 249),
	(1082, 12, 'H', 'REGULAR', 6, 249),
	(1083, 13, 'H', 'REGULAR', 6, 249),
	(1084, 14, 'H', 'REGULAR', 6, 249),
	(1085, 15, 'H', 'REGULAR', 6, 249),
	(1086, 16, 'H', 'REGULAR', 6, 249),
	(1087, 17, 'H', 'REGULAR', 6, 249),
	(1088, 18, 'H', 'REGULAR', 6, 249),
	(1089, 19, 'H', 'REGULAR', 6, 249),
	(1090, 20, 'H', 'REGULAR', 6, 249),
	(1091, 1, 'J', 'PREMIUM', 6, 399),
	(1092, 2, 'J', 'PREMIUM', 6, 399),
	(1093, 3, 'J', 'PREMIUM', 6, 399),
	(1094, 4, 'J', 'PREMIUM', 6, 399),
	(1095, 5, 'J', 'PREMIUM', 6, 399),
	(1096, 6, 'J', 'PREMIUM', 6, 399),
	(1097, 7, 'J', 'PREMIUM', 6, 399),
	(1098, 8, 'J', 'PREMIUM', 6, 399),
	(1099, 9, 'J', 'PREMIUM', 6, 399),
	(1100, 10, 'J', 'PREMIUM', 6, 399),
	(1101, 11, 'J', 'PREMIUM', 6, 399),
	(1102, 12, 'J', 'PREMIUM', 6, 399),
	(1103, 1, 'K', 'PREMIUM', 6, 399),
	(1104, 2, 'K', 'PREMIUM', 6, 399),
	(1105, 3, 'K', 'PREMIUM', 6, 399),
	(1106, 4, 'K', 'PREMIUM', 6, 399),
	(1107, 5, 'K', 'PREMIUM', 6, 399),
	(1108, 6, 'K', 'PREMIUM', 6, 399),
	(1109, 7, 'K', 'PREMIUM', 6, 399),
	(1110, 8, 'K', 'PREMIUM', 6, 399),
	(1111, 9, 'K', 'PREMIUM', 6, 399),
	(1112, 10, 'K', 'PREMIUM', 6, 399),
	(1113, 11, 'K', 'PREMIUM', 6, 399),
	(1114, 12, 'K', 'PREMIUM', 6, 399),
	(1115, 13, 'K', 'PREMIUM', 6, 399),
	(1116, 14, 'K', 'PREMIUM', 6, 399),
	(1117, 1, 'A', 'REGULAR', 7, 249),
	(1118, 2, 'A', 'REGULAR', 7, 249),
	(1119, 3, 'A', 'REGULAR', 7, 249),
	(1120, 4, 'A', 'REGULAR', 7, 249),
	(1121, 5, 'A', 'REGULAR', 7, 249),
	(1122, 6, 'A', 'REGULAR', 7, 249),
	(1123, 7, 'A', 'REGULAR', 7, 249),
	(1124, 8, 'A', 'REGULAR', 7, 249),
	(1125, 9, 'A', 'REGULAR', 7, 249),
	(1126, 10, 'A', 'REGULAR', 7, 249),
	(1127, 11, 'A', 'REGULAR', 7, 249),
	(1128, 12, 'A', 'REGULAR', 7, 249),
	(1129, 13, 'A', 'REGULAR', 7, 249),
	(1130, 14, 'A', 'REGULAR', 7, 249),
	(1131, 15, 'A', 'REGULAR', 7, 249),
	(1132, 16, 'A', 'REGULAR', 7, 249),
	(1133, 17, 'A', 'REGULAR', 7, 249),
	(1134, 18, 'A', 'REGULAR', 7, 249),
	(1135, 19, 'A', 'REGULAR', 7, 249),
	(1136, 20, 'A', 'REGULAR', 7, 249),
	(1137, 1, 'B', 'REGULAR', 7, 249),
	(1138, 2, 'B', 'REGULAR', 7, 249),
	(1139, 3, 'B', 'REGULAR', 7, 249),
	(1140, 4, 'B', 'REGULAR', 7, 249),
	(1141, 5, 'B', 'REGULAR', 7, 249),
	(1142, 6, 'B', 'REGULAR', 7, 249),
	(1143, 7, 'B', 'REGULAR', 7, 249),
	(1144, 8, 'B', 'REGULAR', 7, 249),
	(1145, 9, 'B', 'REGULAR', 7, 249),
	(1146, 10, 'B', 'REGULAR', 7, 249),
	(1147, 11, 'B', 'REGULAR', 7, 249),
	(1148, 12, 'B', 'REGULAR', 7, 249),
	(1149, 13, 'B', 'REGULAR', 7, 249),
	(1150, 14, 'B', 'REGULAR', 7, 249),
	(1151, 15, 'B', 'REGULAR', 7, 249),
	(1152, 16, 'B', 'REGULAR', 7, 249),
	(1153, 17, 'B', 'REGULAR', 7, 249),
	(1154, 18, 'B', 'REGULAR', 7, 249),
	(1155, 19, 'B', 'REGULAR', 7, 249),
	(1156, 20, 'B', 'REGULAR', 7, 249),
	(1157, 1, 'C', 'REGULAR', 7, 249),
	(1158, 2, 'C', 'REGULAR', 7, 249),
	(1159, 3, 'C', 'REGULAR', 7, 249),
	(1160, 4, 'C', 'REGULAR', 7, 249),
	(1161, 5, 'C', 'REGULAR', 7, 249),
	(1162, 6, 'C', 'REGULAR', 7, 249),
	(1163, 7, 'C', 'REGULAR', 7, 249),
	(1164, 8, 'C', 'REGULAR', 7, 249),
	(1165, 9, 'C', 'REGULAR', 7, 249),
	(1166, 10, 'C', 'REGULAR', 7, 249),
	(1167, 11, 'C', 'REGULAR', 7, 249),
	(1168, 12, 'C', 'REGULAR', 7, 249),
	(1169, 13, 'C', 'REGULAR', 7, 249),
	(1170, 14, 'C', 'REGULAR', 7, 249),
	(1171, 15, 'C', 'REGULAR', 7, 249),
	(1172, 16, 'C', 'REGULAR', 7, 249),
	(1173, 17, 'C', 'REGULAR', 7, 249),
	(1174, 18, 'C', 'REGULAR', 7, 249),
	(1175, 19, 'C', 'REGULAR', 7, 249),
	(1176, 20, 'C', 'REGULAR', 7, 249),
	(1177, 1, 'D', 'REGULAR', 7, 249),
	(1178, 2, 'D', 'REGULAR', 7, 249),
	(1179, 3, 'D', 'REGULAR', 7, 249),
	(1180, 4, 'D', 'REGULAR', 7, 249),
	(1181, 5, 'D', 'REGULAR', 7, 249),
	(1182, 6, 'D', 'REGULAR', 7, 249),
	(1183, 7, 'D', 'REGULAR', 7, 249),
	(1184, 8, 'D', 'REGULAR', 7, 249),
	(1185, 9, 'D', 'REGULAR', 7, 249),
	(1186, 10, 'D', 'REGULAR', 7, 249),
	(1187, 11, 'D', 'REGULAR', 7, 249),
	(1188, 12, 'D', 'REGULAR', 7, 249),
	(1189, 13, 'D', 'REGULAR', 7, 249),
	(1190, 14, 'D', 'REGULAR', 7, 249),
	(1191, 15, 'D', 'REGULAR', 7, 249),
	(1192, 16, 'D', 'REGULAR', 7, 249),
	(1193, 17, 'D', 'REGULAR', 7, 249),
	(1194, 18, 'D', 'REGULAR', 7, 249),
	(1195, 19, 'D', 'REGULAR', 7, 249),
	(1196, 20, 'D', 'REGULAR', 7, 249),
	(1197, 1, 'E', 'REGULAR', 7, 249),
	(1198, 2, 'E', 'REGULAR', 7, 249),
	(1199, 3, 'E', 'REGULAR', 7, 249),
	(1200, 4, 'E', 'REGULAR', 7, 249),
	(1201, 5, 'E', 'REGULAR', 7, 249),
	(1202, 6, 'E', 'REGULAR', 7, 249),
	(1203, 7, 'E', 'REGULAR', 7, 249),
	(1204, 8, 'E', 'REGULAR', 7, 249),
	(1205, 9, 'E', 'REGULAR', 7, 249),
	(1206, 10, 'E', 'REGULAR', 7, 249),
	(1207, 11, 'E', 'REGULAR', 7, 249),
	(1208, 12, 'E', 'REGULAR', 7, 249),
	(1209, 13, 'E', 'REGULAR', 7, 249),
	(1210, 14, 'E', 'REGULAR', 7, 249),
	(1211, 15, 'E', 'REGULAR', 7, 249),
	(1212, 16, 'E', 'REGULAR', 7, 249),
	(1213, 17, 'E', 'REGULAR', 7, 249),
	(1214, 18, 'E', 'REGULAR', 7, 249),
	(1215, 19, 'E', 'REGULAR', 7, 249),
	(1216, 20, 'E', 'REGULAR', 7, 249),
	(1217, 1, 'F', 'REGULAR', 7, 249),
	(1218, 2, 'F', 'REGULAR', 7, 249),
	(1219, 3, 'F', 'REGULAR', 7, 249),
	(1220, 4, 'F', 'REGULAR', 7, 249),
	(1221, 5, 'F', 'REGULAR', 7, 249),
	(1222, 6, 'F', 'REGULAR', 7, 249),
	(1223, 7, 'F', 'REGULAR', 7, 249),
	(1224, 8, 'F', 'REGULAR', 7, 249),
	(1225, 9, 'F', 'REGULAR', 7, 249),
	(1226, 10, 'F', 'REGULAR', 7, 249),
	(1227, 11, 'F', 'REGULAR', 7, 249),
	(1228, 12, 'F', 'REGULAR', 7, 249),
	(1229, 13, 'F', 'REGULAR', 7, 249),
	(1230, 14, 'F', 'REGULAR', 7, 249),
	(1231, 15, 'F', 'REGULAR', 7, 249),
	(1232, 16, 'F', 'REGULAR', 7, 249),
	(1233, 17, 'F', 'REGULAR', 7, 249),
	(1234, 18, 'F', 'REGULAR', 7, 249),
	(1235, 19, 'F', 'REGULAR', 7, 249),
	(1236, 20, 'F', 'REGULAR', 7, 249),
	(1237, 1, 'G', 'REGULAR', 7, 249),
	(1238, 2, 'G', 'REGULAR', 7, 249),
	(1239, 3, 'G', 'REGULAR', 7, 249),
	(1240, 4, 'G', 'REGULAR', 7, 249),
	(1241, 5, 'G', 'REGULAR', 7, 249),
	(1242, 6, 'G', 'REGULAR', 7, 249),
	(1243, 7, 'G', 'REGULAR', 7, 249),
	(1244, 8, 'G', 'REGULAR', 7, 249),
	(1245, 9, 'G', 'REGULAR', 7, 249),
	(1246, 10, 'G', 'REGULAR', 7, 249),
	(1247, 11, 'G', 'REGULAR', 7, 249),
	(1248, 12, 'G', 'REGULAR', 7, 249),
	(1249, 13, 'G', 'REGULAR', 7, 249),
	(1250, 14, 'G', 'REGULAR', 7, 249),
	(1251, 15, 'G', 'REGULAR', 7, 249),
	(1252, 16, 'G', 'REGULAR', 7, 249),
	(1253, 17, 'G', 'REGULAR', 7, 249),
	(1254, 18, 'G', 'REGULAR', 7, 249),
	(1255, 19, 'G', 'REGULAR', 7, 249),
	(1256, 20, 'G', 'REGULAR', 7, 249),
	(1257, 1, 'H', 'REGULAR', 7, 249),
	(1258, 2, 'H', 'REGULAR', 7, 249),
	(1259, 3, 'H', 'REGULAR', 7, 249),
	(1260, 4, 'H', 'REGULAR', 7, 249),
	(1261, 5, 'H', 'REGULAR', 7, 249),
	(1262, 6, 'H', 'REGULAR', 7, 249),
	(1263, 7, 'H', 'REGULAR', 7, 249),
	(1264, 8, 'H', 'REGULAR', 7, 249),
	(1265, 9, 'H', 'REGULAR', 7, 249),
	(1266, 10, 'H', 'REGULAR', 7, 249),
	(1267, 11, 'H', 'REGULAR', 7, 249),
	(1268, 12, 'H', 'REGULAR', 7, 249),
	(1269, 13, 'H', 'REGULAR', 7, 249),
	(1270, 14, 'H', 'REGULAR', 7, 249),
	(1271, 15, 'H', 'REGULAR', 7, 249),
	(1272, 16, 'H', 'REGULAR', 7, 249),
	(1273, 17, 'H', 'REGULAR', 7, 249),
	(1274, 18, 'H', 'REGULAR', 7, 249),
	(1275, 19, 'H', 'REGULAR', 7, 249),
	(1276, 20, 'H', 'REGULAR', 7, 249),
	(1277, 1, 'J', 'PREMIUM', 7, 399),
	(1278, 2, 'J', 'PREMIUM', 7, 399),
	(1279, 3, 'J', 'PREMIUM', 7, 399),
	(1280, 4, 'J', 'PREMIUM', 7, 399),
	(1281, 5, 'J', 'PREMIUM', 7, 399),
	(1282, 6, 'J', 'PREMIUM', 7, 399),
	(1283, 7, 'J', 'PREMIUM', 7, 399),
	(1284, 8, 'J', 'PREMIUM', 7, 399),
	(1285, 9, 'J', 'PREMIUM', 7, 399),
	(1286, 10, 'J', 'PREMIUM', 7, 399),
	(1287, 11, 'J', 'PREMIUM', 7, 399),
	(1288, 12, 'J', 'PREMIUM', 7, 399),
	(1289, 1, 'K', 'PREMIUM', 7, 399),
	(1290, 2, 'K', 'PREMIUM', 7, 399),
	(1291, 3, 'K', 'PREMIUM', 7, 399),
	(1292, 4, 'K', 'PREMIUM', 7, 399),
	(1293, 5, 'K', 'PREMIUM', 7, 399),
	(1294, 6, 'K', 'PREMIUM', 7, 399),
	(1295, 7, 'K', 'PREMIUM', 7, 399),
	(1296, 8, 'K', 'PREMIUM', 7, 399),
	(1297, 9, 'K', 'PREMIUM', 7, 399),
	(1298, 10, 'K', 'PREMIUM', 7, 399),
	(1299, 11, 'K', 'PREMIUM', 7, 399),
	(1300, 12, 'K', 'PREMIUM', 7, 399),
	(1301, 13, 'K', 'PREMIUM', 7, 399),
	(1302, 14, 'K', 'PREMIUM', 7, 399),
	(1303, 1, 'A', 'REGULAR', 8, 249),
	(1304, 2, 'A', 'REGULAR', 8, 249),
	(1305, 3, 'A', 'REGULAR', 8, 249),
	(1306, 4, 'A', 'REGULAR', 8, 249),
	(1307, 5, 'A', 'REGULAR', 8, 249),
	(1308, 6, 'A', 'REGULAR', 8, 249),
	(1309, 7, 'A', 'REGULAR', 8, 249),
	(1310, 8, 'A', 'REGULAR', 8, 249),
	(1311, 9, 'A', 'REGULAR', 8, 249),
	(1312, 10, 'A', 'REGULAR', 8, 249),
	(1313, 11, 'A', 'REGULAR', 8, 249),
	(1314, 12, 'A', 'REGULAR', 8, 249),
	(1315, 13, 'A', 'REGULAR', 8, 249),
	(1316, 14, 'A', 'REGULAR', 8, 249),
	(1317, 15, 'A', 'REGULAR', 8, 249),
	(1318, 16, 'A', 'REGULAR', 8, 249),
	(1319, 17, 'A', 'REGULAR', 8, 249),
	(1320, 18, 'A', 'REGULAR', 8, 249),
	(1321, 19, 'A', 'REGULAR', 8, 249),
	(1322, 20, 'A', 'REGULAR', 8, 249),
	(1323, 1, 'B', 'REGULAR', 8, 249),
	(1324, 2, 'B', 'REGULAR', 8, 249),
	(1325, 3, 'B', 'REGULAR', 8, 249),
	(1326, 4, 'B', 'REGULAR', 8, 249),
	(1327, 5, 'B', 'REGULAR', 8, 249),
	(1328, 6, 'B', 'REGULAR', 8, 249),
	(1329, 7, 'B', 'REGULAR', 8, 249),
	(1330, 8, 'B', 'REGULAR', 8, 249),
	(1331, 9, 'B', 'REGULAR', 8, 249),
	(1332, 10, 'B', 'REGULAR', 8, 249),
	(1333, 11, 'B', 'REGULAR', 8, 249),
	(1334, 12, 'B', 'REGULAR', 8, 249),
	(1335, 13, 'B', 'REGULAR', 8, 249),
	(1336, 14, 'B', 'REGULAR', 8, 249),
	(1337, 15, 'B', 'REGULAR', 8, 249),
	(1338, 16, 'B', 'REGULAR', 8, 249),
	(1339, 17, 'B', 'REGULAR', 8, 249),
	(1340, 18, 'B', 'REGULAR', 8, 249),
	(1341, 19, 'B', 'REGULAR', 8, 249),
	(1342, 20, 'B', 'REGULAR', 8, 249),
	(1343, 1, 'C', 'REGULAR', 8, 249),
	(1344, 2, 'C', 'REGULAR', 8, 249),
	(1345, 3, 'C', 'REGULAR', 8, 249),
	(1346, 4, 'C', 'REGULAR', 8, 249),
	(1347, 5, 'C', 'REGULAR', 8, 249),
	(1348, 6, 'C', 'REGULAR', 8, 249),
	(1349, 7, 'C', 'REGULAR', 8, 249),
	(1350, 8, 'C', 'REGULAR', 8, 249),
	(1351, 9, 'C', 'REGULAR', 8, 249),
	(1352, 10, 'C', 'REGULAR', 8, 249),
	(1353, 11, 'C', 'REGULAR', 8, 249),
	(1354, 12, 'C', 'REGULAR', 8, 249),
	(1355, 13, 'C', 'REGULAR', 8, 249),
	(1356, 14, 'C', 'REGULAR', 8, 249),
	(1357, 15, 'C', 'REGULAR', 8, 249),
	(1358, 16, 'C', 'REGULAR', 8, 249),
	(1359, 17, 'C', 'REGULAR', 8, 249),
	(1360, 18, 'C', 'REGULAR', 8, 249),
	(1361, 19, 'C', 'REGULAR', 8, 249),
	(1362, 20, 'C', 'REGULAR', 8, 249),
	(1363, 1, 'D', 'REGULAR', 8, 249),
	(1364, 2, 'D', 'REGULAR', 8, 249),
	(1365, 3, 'D', 'REGULAR', 8, 249),
	(1366, 4, 'D', 'REGULAR', 8, 249),
	(1367, 5, 'D', 'REGULAR', 8, 249),
	(1368, 6, 'D', 'REGULAR', 8, 249),
	(1369, 7, 'D', 'REGULAR', 8, 249),
	(1370, 8, 'D', 'REGULAR', 8, 249),
	(1371, 9, 'D', 'REGULAR', 8, 249),
	(1372, 10, 'D', 'REGULAR', 8, 249),
	(1373, 11, 'D', 'REGULAR', 8, 249),
	(1374, 12, 'D', 'REGULAR', 8, 249),
	(1375, 13, 'D', 'REGULAR', 8, 249),
	(1376, 14, 'D', 'REGULAR', 8, 249),
	(1377, 15, 'D', 'REGULAR', 8, 249),
	(1378, 16, 'D', 'REGULAR', 8, 249),
	(1379, 17, 'D', 'REGULAR', 8, 249),
	(1380, 18, 'D', 'REGULAR', 8, 249),
	(1381, 19, 'D', 'REGULAR', 8, 249),
	(1382, 20, 'D', 'REGULAR', 8, 249),
	(1383, 1, 'E', 'REGULAR', 8, 249),
	(1384, 2, 'E', 'REGULAR', 8, 249),
	(1385, 3, 'E', 'REGULAR', 8, 249),
	(1386, 4, 'E', 'REGULAR', 8, 249),
	(1387, 5, 'E', 'REGULAR', 8, 249),
	(1388, 6, 'E', 'REGULAR', 8, 249),
	(1389, 7, 'E', 'REGULAR', 8, 249),
	(1390, 8, 'E', 'REGULAR', 8, 249),
	(1391, 9, 'E', 'REGULAR', 8, 249),
	(1392, 10, 'E', 'REGULAR', 8, 249),
	(1393, 11, 'E', 'REGULAR', 8, 249),
	(1394, 12, 'E', 'REGULAR', 8, 249),
	(1395, 13, 'E', 'REGULAR', 8, 249),
	(1396, 14, 'E', 'REGULAR', 8, 249),
	(1397, 15, 'E', 'REGULAR', 8, 249),
	(1398, 16, 'E', 'REGULAR', 8, 249),
	(1399, 17, 'E', 'REGULAR', 8, 249),
	(1400, 18, 'E', 'REGULAR', 8, 249),
	(1401, 19, 'E', 'REGULAR', 8, 249),
	(1402, 20, 'E', 'REGULAR', 8, 249),
	(1403, 1, 'F', 'REGULAR', 8, 249),
	(1404, 2, 'F', 'REGULAR', 8, 249),
	(1405, 3, 'F', 'REGULAR', 8, 249),
	(1406, 4, 'F', 'REGULAR', 8, 249),
	(1407, 5, 'F', 'REGULAR', 8, 249),
	(1408, 6, 'F', 'REGULAR', 8, 249),
	(1409, 7, 'F', 'REGULAR', 8, 249),
	(1410, 8, 'F', 'REGULAR', 8, 249),
	(1411, 9, 'F', 'REGULAR', 8, 249),
	(1412, 10, 'F', 'REGULAR', 8, 249),
	(1413, 11, 'F', 'REGULAR', 8, 249),
	(1414, 12, 'F', 'REGULAR', 8, 249),
	(1415, 13, 'F', 'REGULAR', 8, 249),
	(1416, 14, 'F', 'REGULAR', 8, 249),
	(1417, 15, 'F', 'REGULAR', 8, 249),
	(1418, 16, 'F', 'REGULAR', 8, 249),
	(1419, 17, 'F', 'REGULAR', 8, 249),
	(1420, 18, 'F', 'REGULAR', 8, 249),
	(1421, 19, 'F', 'REGULAR', 8, 249),
	(1422, 20, 'F', 'REGULAR', 8, 249),
	(1423, 1, 'G', 'REGULAR', 8, 249),
	(1424, 2, 'G', 'REGULAR', 8, 249),
	(1425, 3, 'G', 'REGULAR', 8, 249),
	(1426, 4, 'G', 'REGULAR', 8, 249),
	(1427, 5, 'G', 'REGULAR', 8, 249),
	(1428, 6, 'G', 'REGULAR', 8, 249),
	(1429, 7, 'G', 'REGULAR', 8, 249),
	(1430, 8, 'G', 'REGULAR', 8, 249),
	(1431, 9, 'G', 'REGULAR', 8, 249),
	(1432, 10, 'G', 'REGULAR', 8, 249),
	(1433, 11, 'G', 'REGULAR', 8, 249),
	(1434, 12, 'G', 'REGULAR', 8, 249),
	(1435, 13, 'G', 'REGULAR', 8, 249),
	(1436, 14, 'G', 'REGULAR', 8, 249),
	(1437, 15, 'G', 'REGULAR', 8, 249),
	(1438, 16, 'G', 'REGULAR', 8, 249),
	(1439, 17, 'G', 'REGULAR', 8, 249),
	(1440, 18, 'G', 'REGULAR', 8, 249),
	(1441, 19, 'G', 'REGULAR', 8, 249),
	(1442, 20, 'G', 'REGULAR', 8, 249),
	(1443, 1, 'H', 'REGULAR', 8, 249),
	(1444, 2, 'H', 'REGULAR', 8, 249),
	(1445, 3, 'H', 'REGULAR', 8, 249),
	(1446, 4, 'H', 'REGULAR', 8, 249),
	(1447, 5, 'H', 'REGULAR', 8, 249),
	(1448, 6, 'H', 'REGULAR', 8, 249),
	(1449, 7, 'H', 'REGULAR', 8, 249),
	(1450, 8, 'H', 'REGULAR', 8, 249),
	(1451, 9, 'H', 'REGULAR', 8, 249),
	(1452, 10, 'H', 'REGULAR', 8, 249),
	(1453, 11, 'H', 'REGULAR', 8, 249),
	(1454, 12, 'H', 'REGULAR', 8, 249),
	(1455, 13, 'H', 'REGULAR', 8, 249),
	(1456, 14, 'H', 'REGULAR', 8, 249),
	(1457, 15, 'H', 'REGULAR', 8, 249),
	(1458, 16, 'H', 'REGULAR', 8, 249),
	(1459, 17, 'H', 'REGULAR', 8, 249),
	(1460, 18, 'H', 'REGULAR', 8, 249),
	(1461, 19, 'H', 'REGULAR', 8, 249),
	(1462, 20, 'H', 'REGULAR', 8, 249),
	(1463, 1, 'J', 'PREMIUM', 8, 399),
	(1464, 2, 'J', 'PREMIUM', 8, 399),
	(1465, 3, 'J', 'PREMIUM', 8, 399),
	(1466, 4, 'J', 'PREMIUM', 8, 399),
	(1467, 5, 'J', 'PREMIUM', 8, 399),
	(1468, 6, 'J', 'PREMIUM', 8, 399),
	(1469, 7, 'J', 'PREMIUM', 8, 399),
	(1470, 8, 'J', 'PREMIUM', 8, 399),
	(1471, 9, 'J', 'PREMIUM', 8, 399),
	(1472, 10, 'J', 'PREMIUM', 8, 399),
	(1473, 11, 'J', 'PREMIUM', 8, 399),
	(1474, 12, 'J', 'PREMIUM', 8, 399),
	(1475, 1, 'K', 'PREMIUM', 8, 399),
	(1476, 2, 'K', 'PREMIUM', 8, 399),
	(1477, 3, 'K', 'PREMIUM', 8, 399),
	(1478, 4, 'K', 'PREMIUM', 8, 399),
	(1479, 5, 'K', 'PREMIUM', 8, 399),
	(1480, 6, 'K', 'PREMIUM', 8, 399),
	(1481, 7, 'K', 'PREMIUM', 8, 399),
	(1482, 8, 'K', 'PREMIUM', 8, 399),
	(1483, 9, 'K', 'PREMIUM', 8, 399),
	(1484, 10, 'K', 'PREMIUM', 8, 399),
	(1485, 11, 'K', 'PREMIUM', 8, 399),
	(1486, 12, 'K', 'PREMIUM', 8, 399),
	(1487, 13, 'K', 'PREMIUM', 8, 399),
	(1488, 14, 'K', 'PREMIUM', 8, 399),
	(1489, 1, 'A', 'REGULAR', 9, 249),
	(1490, 2, 'A', 'REGULAR', 9, 249),
	(1491, 3, 'A', 'REGULAR', 9, 249),
	(1492, 4, 'A', 'REGULAR', 9, 249),
	(1493, 5, 'A', 'REGULAR', 9, 249),
	(1494, 6, 'A', 'REGULAR', 9, 249),
	(1495, 7, 'A', 'REGULAR', 9, 249),
	(1496, 8, 'A', 'REGULAR', 9, 249),
	(1497, 9, 'A', 'REGULAR', 9, 249),
	(1498, 10, 'A', 'REGULAR', 9, 249),
	(1499, 11, 'A', 'REGULAR', 9, 249),
	(1500, 12, 'A', 'REGULAR', 9, 249),
	(1501, 13, 'A', 'REGULAR', 9, 249),
	(1502, 14, 'A', 'REGULAR', 9, 249),
	(1503, 15, 'A', 'REGULAR', 9, 249),
	(1504, 16, 'A', 'REGULAR', 9, 249),
	(1505, 17, 'A', 'REGULAR', 9, 249),
	(1506, 18, 'A', 'REGULAR', 9, 249),
	(1507, 19, 'A', 'REGULAR', 9, 249),
	(1508, 20, 'A', 'REGULAR', 9, 249),
	(1509, 1, 'B', 'REGULAR', 9, 249),
	(1510, 2, 'B', 'REGULAR', 9, 249),
	(1511, 3, 'B', 'REGULAR', 9, 249),
	(1512, 4, 'B', 'REGULAR', 9, 249),
	(1513, 5, 'B', 'REGULAR', 9, 249),
	(1514, 6, 'B', 'REGULAR', 9, 249),
	(1515, 7, 'B', 'REGULAR', 9, 249),
	(1516, 8, 'B', 'REGULAR', 9, 249),
	(1517, 9, 'B', 'REGULAR', 9, 249),
	(1518, 10, 'B', 'REGULAR', 9, 249),
	(1519, 11, 'B', 'REGULAR', 9, 249),
	(1520, 12, 'B', 'REGULAR', 9, 249),
	(1521, 13, 'B', 'REGULAR', 9, 249),
	(1522, 14, 'B', 'REGULAR', 9, 249),
	(1523, 15, 'B', 'REGULAR', 9, 249),
	(1524, 16, 'B', 'REGULAR', 9, 249),
	(1525, 17, 'B', 'REGULAR', 9, 249),
	(1526, 18, 'B', 'REGULAR', 9, 249),
	(1527, 19, 'B', 'REGULAR', 9, 249),
	(1528, 20, 'B', 'REGULAR', 9, 249),
	(1529, 1, 'C', 'REGULAR', 9, 249),
	(1530, 2, 'C', 'REGULAR', 9, 249),
	(1531, 3, 'C', 'REGULAR', 9, 249),
	(1532, 4, 'C', 'REGULAR', 9, 249),
	(1533, 5, 'C', 'REGULAR', 9, 249),
	(1534, 6, 'C', 'REGULAR', 9, 249),
	(1535, 7, 'C', 'REGULAR', 9, 249),
	(1536, 8, 'C', 'REGULAR', 9, 249),
	(1537, 9, 'C', 'REGULAR', 9, 249),
	(1538, 10, 'C', 'REGULAR', 9, 249),
	(1539, 11, 'C', 'REGULAR', 9, 249),
	(1540, 12, 'C', 'REGULAR', 9, 249),
	(1541, 13, 'C', 'REGULAR', 9, 249),
	(1542, 14, 'C', 'REGULAR', 9, 249),
	(1543, 15, 'C', 'REGULAR', 9, 249),
	(1544, 16, 'C', 'REGULAR', 9, 249),
	(1545, 17, 'C', 'REGULAR', 9, 249),
	(1546, 18, 'C', 'REGULAR', 9, 249),
	(1547, 19, 'C', 'REGULAR', 9, 249),
	(1548, 20, 'C', 'REGULAR', 9, 249),
	(1549, 1, 'D', 'REGULAR', 9, 249),
	(1550, 2, 'D', 'REGULAR', 9, 249),
	(1551, 3, 'D', 'REGULAR', 9, 249),
	(1552, 4, 'D', 'REGULAR', 9, 249),
	(1553, 5, 'D', 'REGULAR', 9, 249),
	(1554, 6, 'D', 'REGULAR', 9, 249),
	(1555, 7, 'D', 'REGULAR', 9, 249),
	(1556, 8, 'D', 'REGULAR', 9, 249),
	(1557, 9, 'D', 'REGULAR', 9, 249),
	(1558, 10, 'D', 'REGULAR', 9, 249),
	(1559, 11, 'D', 'REGULAR', 9, 249),
	(1560, 12, 'D', 'REGULAR', 9, 249),
	(1561, 13, 'D', 'REGULAR', 9, 249),
	(1562, 14, 'D', 'REGULAR', 9, 249),
	(1563, 15, 'D', 'REGULAR', 9, 249),
	(1564, 16, 'D', 'REGULAR', 9, 249),
	(1565, 17, 'D', 'REGULAR', 9, 249),
	(1566, 18, 'D', 'REGULAR', 9, 249),
	(1567, 19, 'D', 'REGULAR', 9, 249),
	(1568, 20, 'D', 'REGULAR', 9, 249),
	(1569, 1, 'E', 'REGULAR', 9, 249),
	(1570, 2, 'E', 'REGULAR', 9, 249),
	(1571, 3, 'E', 'REGULAR', 9, 249),
	(1572, 4, 'E', 'REGULAR', 9, 249),
	(1573, 5, 'E', 'REGULAR', 9, 249),
	(1574, 6, 'E', 'REGULAR', 9, 249),
	(1575, 7, 'E', 'REGULAR', 9, 249),
	(1576, 8, 'E', 'REGULAR', 9, 249),
	(1577, 9, 'E', 'REGULAR', 9, 249),
	(1578, 10, 'E', 'REGULAR', 9, 249),
	(1579, 11, 'E', 'REGULAR', 9, 249),
	(1580, 12, 'E', 'REGULAR', 9, 249),
	(1581, 13, 'E', 'REGULAR', 9, 249),
	(1582, 14, 'E', 'REGULAR', 9, 249),
	(1583, 15, 'E', 'REGULAR', 9, 249),
	(1584, 16, 'E', 'REGULAR', 9, 249),
	(1585, 17, 'E', 'REGULAR', 9, 249),
	(1586, 18, 'E', 'REGULAR', 9, 249),
	(1587, 19, 'E', 'REGULAR', 9, 249),
	(1588, 20, 'E', 'REGULAR', 9, 249),
	(1589, 1, 'F', 'REGULAR', 9, 249),
	(1590, 2, 'F', 'REGULAR', 9, 249),
	(1591, 3, 'F', 'REGULAR', 9, 249),
	(1592, 4, 'F', 'REGULAR', 9, 249),
	(1593, 5, 'F', 'REGULAR', 9, 249),
	(1594, 6, 'F', 'REGULAR', 9, 249),
	(1595, 7, 'F', 'REGULAR', 9, 249),
	(1596, 8, 'F', 'REGULAR', 9, 249),
	(1597, 9, 'F', 'REGULAR', 9, 249),
	(1598, 10, 'F', 'REGULAR', 9, 249),
	(1599, 11, 'F', 'REGULAR', 9, 249),
	(1600, 12, 'F', 'REGULAR', 9, 249),
	(1601, 13, 'F', 'REGULAR', 9, 249),
	(1602, 14, 'F', 'REGULAR', 9, 249),
	(1603, 15, 'F', 'REGULAR', 9, 249),
	(1604, 16, 'F', 'REGULAR', 9, 249),
	(1605, 17, 'F', 'REGULAR', 9, 249),
	(1606, 18, 'F', 'REGULAR', 9, 249),
	(1607, 19, 'F', 'REGULAR', 9, 249),
	(1608, 20, 'F', 'REGULAR', 9, 249),
	(1609, 1, 'G', 'REGULAR', 9, 249),
	(1610, 2, 'G', 'REGULAR', 9, 249),
	(1611, 3, 'G', 'REGULAR', 9, 249),
	(1612, 4, 'G', 'REGULAR', 9, 249),
	(1613, 5, 'G', 'REGULAR', 9, 249),
	(1614, 6, 'G', 'REGULAR', 9, 249),
	(1615, 7, 'G', 'REGULAR', 9, 249),
	(1616, 8, 'G', 'REGULAR', 9, 249),
	(1617, 9, 'G', 'REGULAR', 9, 249),
	(1618, 10, 'G', 'REGULAR', 9, 249),
	(1619, 11, 'G', 'REGULAR', 9, 249),
	(1620, 12, 'G', 'REGULAR', 9, 249),
	(1621, 13, 'G', 'REGULAR', 9, 249),
	(1622, 14, 'G', 'REGULAR', 9, 249),
	(1623, 15, 'G', 'REGULAR', 9, 249),
	(1624, 16, 'G', 'REGULAR', 9, 249),
	(1625, 17, 'G', 'REGULAR', 9, 249),
	(1626, 18, 'G', 'REGULAR', 9, 249),
	(1627, 19, 'G', 'REGULAR', 9, 249),
	(1628, 20, 'G', 'REGULAR', 9, 249),
	(1629, 1, 'H', 'REGULAR', 9, 249),
	(1630, 2, 'H', 'REGULAR', 9, 249),
	(1631, 3, 'H', 'REGULAR', 9, 249),
	(1632, 4, 'H', 'REGULAR', 9, 249),
	(1633, 5, 'H', 'REGULAR', 9, 249),
	(1634, 6, 'H', 'REGULAR', 9, 249),
	(1635, 7, 'H', 'REGULAR', 9, 249),
	(1636, 8, 'H', 'REGULAR', 9, 249),
	(1637, 9, 'H', 'REGULAR', 9, 249),
	(1638, 10, 'H', 'REGULAR', 9, 249),
	(1639, 11, 'H', 'REGULAR', 9, 249),
	(1640, 12, 'H', 'REGULAR', 9, 249),
	(1641, 13, 'H', 'REGULAR', 9, 249),
	(1642, 14, 'H', 'REGULAR', 9, 249),
	(1643, 15, 'H', 'REGULAR', 9, 249),
	(1644, 16, 'H', 'REGULAR', 9, 249),
	(1645, 17, 'H', 'REGULAR', 9, 249),
	(1646, 18, 'H', 'REGULAR', 9, 249),
	(1647, 19, 'H', 'REGULAR', 9, 249),
	(1648, 20, 'H', 'REGULAR', 9, 249),
	(1649, 1, 'J', 'PREMIUM', 9, 399),
	(1650, 2, 'J', 'PREMIUM', 9, 399),
	(1651, 3, 'J', 'PREMIUM', 9, 399),
	(1652, 4, 'J', 'PREMIUM', 9, 399),
	(1653, 5, 'J', 'PREMIUM', 9, 399),
	(1654, 6, 'J', 'PREMIUM', 9, 399),
	(1655, 7, 'J', 'PREMIUM', 9, 399),
	(1656, 8, 'J', 'PREMIUM', 9, 399),
	(1657, 9, 'J', 'PREMIUM', 9, 399),
	(1658, 10, 'J', 'PREMIUM', 9, 399),
	(1659, 11, 'J', 'PREMIUM', 9, 399),
	(1660, 12, 'J', 'PREMIUM', 9, 399),
	(1661, 1, 'K', 'PREMIUM', 9, 399),
	(1662, 2, 'K', 'PREMIUM', 9, 399),
	(1663, 3, 'K', 'PREMIUM', 9, 399),
	(1664, 4, 'K', 'PREMIUM', 9, 399),
	(1665, 5, 'K', 'PREMIUM', 9, 399),
	(1666, 6, 'K', 'PREMIUM', 9, 399),
	(1667, 7, 'K', 'PREMIUM', 9, 399),
	(1668, 8, 'K', 'PREMIUM', 9, 399),
	(1669, 9, 'K', 'PREMIUM', 9, 399),
	(1670, 10, 'K', 'PREMIUM', 9, 399),
	(1671, 11, 'K', 'PREMIUM', 9, 399),
	(1672, 12, 'K', 'PREMIUM', 9, 399),
	(1673, 13, 'K', 'PREMIUM', 9, 399),
	(1674, 14, 'K', 'PREMIUM', 9, 399),
	(1675, 1, 'A', 'REGULAR', 10, 249),
	(1676, 2, 'A', 'REGULAR', 10, 249),
	(1677, 3, 'A', 'REGULAR', 10, 249),
	(1678, 4, 'A', 'REGULAR', 10, 249),
	(1679, 5, 'A', 'REGULAR', 10, 249),
	(1680, 6, 'A', 'REGULAR', 10, 249),
	(1681, 7, 'A', 'REGULAR', 10, 249),
	(1682, 8, 'A', 'REGULAR', 10, 249),
	(1683, 9, 'A', 'REGULAR', 10, 249),
	(1684, 10, 'A', 'REGULAR', 10, 249),
	(1685, 11, 'A', 'REGULAR', 10, 249),
	(1686, 12, 'A', 'REGULAR', 10, 249),
	(1687, 13, 'A', 'REGULAR', 10, 249),
	(1688, 14, 'A', 'REGULAR', 10, 249),
	(1689, 15, 'A', 'REGULAR', 10, 249),
	(1690, 16, 'A', 'REGULAR', 10, 249),
	(1691, 17, 'A', 'REGULAR', 10, 249),
	(1692, 18, 'A', 'REGULAR', 10, 249),
	(1693, 19, 'A', 'REGULAR', 10, 249),
	(1694, 20, 'A', 'REGULAR', 10, 249),
	(1695, 1, 'B', 'REGULAR', 10, 249),
	(1696, 2, 'B', 'REGULAR', 10, 249),
	(1697, 3, 'B', 'REGULAR', 10, 249),
	(1698, 4, 'B', 'REGULAR', 10, 249),
	(1699, 5, 'B', 'REGULAR', 10, 249),
	(1700, 6, 'B', 'REGULAR', 10, 249),
	(1701, 7, 'B', 'REGULAR', 10, 249),
	(1702, 8, 'B', 'REGULAR', 10, 249),
	(1703, 9, 'B', 'REGULAR', 10, 249),
	(1704, 10, 'B', 'REGULAR', 10, 249),
	(1705, 11, 'B', 'REGULAR', 10, 249),
	(1706, 12, 'B', 'REGULAR', 10, 249),
	(1707, 13, 'B', 'REGULAR', 10, 249),
	(1708, 14, 'B', 'REGULAR', 10, 249),
	(1709, 15, 'B', 'REGULAR', 10, 249),
	(1710, 16, 'B', 'REGULAR', 10, 249),
	(1711, 17, 'B', 'REGULAR', 10, 249),
	(1712, 18, 'B', 'REGULAR', 10, 249),
	(1713, 19, 'B', 'REGULAR', 10, 249),
	(1714, 20, 'B', 'REGULAR', 10, 249),
	(1715, 1, 'C', 'REGULAR', 10, 249),
	(1716, 2, 'C', 'REGULAR', 10, 249),
	(1717, 3, 'C', 'REGULAR', 10, 249),
	(1718, 4, 'C', 'REGULAR', 10, 249),
	(1719, 5, 'C', 'REGULAR', 10, 249),
	(1720, 6, 'C', 'REGULAR', 10, 249),
	(1721, 7, 'C', 'REGULAR', 10, 249),
	(1722, 8, 'C', 'REGULAR', 10, 249),
	(1723, 9, 'C', 'REGULAR', 10, 249),
	(1724, 10, 'C', 'REGULAR', 10, 249),
	(1725, 11, 'C', 'REGULAR', 10, 249),
	(1726, 12, 'C', 'REGULAR', 10, 249),
	(1727, 13, 'C', 'REGULAR', 10, 249),
	(1728, 14, 'C', 'REGULAR', 10, 249),
	(1729, 15, 'C', 'REGULAR', 10, 249),
	(1730, 16, 'C', 'REGULAR', 10, 249),
	(1731, 17, 'C', 'REGULAR', 10, 249),
	(1732, 18, 'C', 'REGULAR', 10, 249),
	(1733, 19, 'C', 'REGULAR', 10, 249),
	(1734, 20, 'C', 'REGULAR', 10, 249),
	(1735, 1, 'D', 'REGULAR', 10, 249),
	(1736, 2, 'D', 'REGULAR', 10, 249),
	(1737, 3, 'D', 'REGULAR', 10, 249),
	(1738, 4, 'D', 'REGULAR', 10, 249),
	(1739, 5, 'D', 'REGULAR', 10, 249),
	(1740, 6, 'D', 'REGULAR', 10, 249),
	(1741, 7, 'D', 'REGULAR', 10, 249),
	(1742, 8, 'D', 'REGULAR', 10, 249),
	(1743, 9, 'D', 'REGULAR', 10, 249),
	(1744, 10, 'D', 'REGULAR', 10, 249),
	(1745, 11, 'D', 'REGULAR', 10, 249),
	(1746, 12, 'D', 'REGULAR', 10, 249),
	(1747, 13, 'D', 'REGULAR', 10, 249),
	(1748, 14, 'D', 'REGULAR', 10, 249),
	(1749, 15, 'D', 'REGULAR', 10, 249),
	(1750, 16, 'D', 'REGULAR', 10, 249),
	(1751, 17, 'D', 'REGULAR', 10, 249),
	(1752, 18, 'D', 'REGULAR', 10, 249),
	(1753, 19, 'D', 'REGULAR', 10, 249),
	(1754, 20, 'D', 'REGULAR', 10, 249),
	(1755, 1, 'E', 'REGULAR', 10, 249),
	(1756, 2, 'E', 'REGULAR', 10, 249),
	(1757, 3, 'E', 'REGULAR', 10, 249),
	(1758, 4, 'E', 'REGULAR', 10, 249),
	(1759, 5, 'E', 'REGULAR', 10, 249),
	(1760, 6, 'E', 'REGULAR', 10, 249),
	(1761, 7, 'E', 'REGULAR', 10, 249),
	(1762, 8, 'E', 'REGULAR', 10, 249),
	(1763, 9, 'E', 'REGULAR', 10, 249),
	(1764, 10, 'E', 'REGULAR', 10, 249),
	(1765, 11, 'E', 'REGULAR', 10, 249),
	(1766, 12, 'E', 'REGULAR', 10, 249),
	(1767, 13, 'E', 'REGULAR', 10, 249),
	(1768, 14, 'E', 'REGULAR', 10, 249),
	(1769, 15, 'E', 'REGULAR', 10, 249),
	(1770, 16, 'E', 'REGULAR', 10, 249),
	(1771, 17, 'E', 'REGULAR', 10, 249),
	(1772, 18, 'E', 'REGULAR', 10, 249),
	(1773, 19, 'E', 'REGULAR', 10, 249),
	(1774, 20, 'E', 'REGULAR', 10, 249),
	(1775, 1, 'F', 'REGULAR', 10, 249),
	(1776, 2, 'F', 'REGULAR', 10, 249),
	(1777, 3, 'F', 'REGULAR', 10, 249),
	(1778, 4, 'F', 'REGULAR', 10, 249),
	(1779, 5, 'F', 'REGULAR', 10, 249),
	(1780, 6, 'F', 'REGULAR', 10, 249),
	(1781, 7, 'F', 'REGULAR', 10, 249),
	(1782, 8, 'F', 'REGULAR', 10, 249),
	(1783, 9, 'F', 'REGULAR', 10, 249),
	(1784, 10, 'F', 'REGULAR', 10, 249),
	(1785, 11, 'F', 'REGULAR', 10, 249),
	(1786, 12, 'F', 'REGULAR', 10, 249),
	(1787, 13, 'F', 'REGULAR', 10, 249),
	(1788, 14, 'F', 'REGULAR', 10, 249),
	(1789, 15, 'F', 'REGULAR', 10, 249),
	(1790, 16, 'F', 'REGULAR', 10, 249),
	(1791, 17, 'F', 'REGULAR', 10, 249),
	(1792, 18, 'F', 'REGULAR', 10, 249),
	(1793, 19, 'F', 'REGULAR', 10, 249),
	(1794, 20, 'F', 'REGULAR', 10, 249),
	(1795, 1, 'G', 'REGULAR', 10, 249),
	(1796, 2, 'G', 'REGULAR', 10, 249),
	(1797, 3, 'G', 'REGULAR', 10, 249),
	(1798, 4, 'G', 'REGULAR', 10, 249),
	(1799, 5, 'G', 'REGULAR', 10, 249),
	(1800, 6, 'G', 'REGULAR', 10, 249),
	(1801, 7, 'G', 'REGULAR', 10, 249),
	(1802, 8, 'G', 'REGULAR', 10, 249),
	(1803, 9, 'G', 'REGULAR', 10, 249),
	(1804, 10, 'G', 'REGULAR', 10, 249),
	(1805, 11, 'G', 'REGULAR', 10, 249),
	(1806, 12, 'G', 'REGULAR', 10, 249),
	(1807, 13, 'G', 'REGULAR', 10, 249),
	(1808, 14, 'G', 'REGULAR', 10, 249),
	(1809, 15, 'G', 'REGULAR', 10, 249),
	(1810, 16, 'G', 'REGULAR', 10, 249),
	(1811, 17, 'G', 'REGULAR', 10, 249),
	(1812, 18, 'G', 'REGULAR', 10, 249),
	(1813, 19, 'G', 'REGULAR', 10, 249),
	(1814, 20, 'G', 'REGULAR', 10, 249),
	(1815, 1, 'H', 'REGULAR', 10, 249),
	(1816, 2, 'H', 'REGULAR', 10, 249),
	(1817, 3, 'H', 'REGULAR', 10, 249),
	(1818, 4, 'H', 'REGULAR', 10, 249),
	(1819, 5, 'H', 'REGULAR', 10, 249),
	(1820, 6, 'H', 'REGULAR', 10, 249),
	(1821, 7, 'H', 'REGULAR', 10, 249),
	(1822, 8, 'H', 'REGULAR', 10, 249),
	(1823, 9, 'H', 'REGULAR', 10, 249),
	(1824, 10, 'H', 'REGULAR', 10, 249),
	(1825, 11, 'H', 'REGULAR', 10, 249),
	(1826, 12, 'H', 'REGULAR', 10, 249),
	(1827, 13, 'H', 'REGULAR', 10, 249),
	(1828, 14, 'H', 'REGULAR', 10, 249),
	(1829, 15, 'H', 'REGULAR', 10, 249),
	(1830, 16, 'H', 'REGULAR', 10, 249),
	(1831, 17, 'H', 'REGULAR', 10, 249),
	(1832, 18, 'H', 'REGULAR', 10, 249),
	(1833, 19, 'H', 'REGULAR', 10, 249),
	(1834, 20, 'H', 'REGULAR', 10, 249),
	(1835, 1, 'J', 'PREMIUM', 10, 399),
	(1836, 2, 'J', 'PREMIUM', 10, 399),
	(1837, 3, 'J', 'PREMIUM', 10, 399),
	(1838, 4, 'J', 'PREMIUM', 10, 399),
	(1839, 5, 'J', 'PREMIUM', 10, 399),
	(1840, 6, 'J', 'PREMIUM', 10, 399),
	(1841, 7, 'J', 'PREMIUM', 10, 399),
	(1842, 8, 'J', 'PREMIUM', 10, 399),
	(1843, 9, 'J', 'PREMIUM', 10, 399),
	(1844, 10, 'J', 'PREMIUM', 10, 399),
	(1845, 11, 'J', 'PREMIUM', 10, 399),
	(1846, 12, 'J', 'PREMIUM', 10, 399),
	(1847, 1, 'K', 'PREMIUM', 10, 399),
	(1848, 2, 'K', 'PREMIUM', 10, 399),
	(1849, 3, 'K', 'PREMIUM', 10, 399),
	(1850, 4, 'K', 'PREMIUM', 10, 399),
	(1851, 5, 'K', 'PREMIUM', 10, 399),
	(1852, 6, 'K', 'PREMIUM', 10, 399),
	(1853, 7, 'K', 'PREMIUM', 10, 399),
	(1854, 8, 'K', 'PREMIUM', 10, 399),
	(1855, 9, 'K', 'PREMIUM', 10, 399),
	(1856, 10, 'K', 'PREMIUM', 10, 399),
	(1857, 11, 'K', 'PREMIUM', 10, 399),
	(1858, 12, 'K', 'PREMIUM', 10, 399),
	(1859, 13, 'K', 'PREMIUM', 10, 399),
	(1860, 14, 'K', 'PREMIUM', 10, 399),
	(1861, 1, 'A', 'REGULAR', 11, 249),
	(1862, 2, 'A', 'REGULAR', 11, 249),
	(1863, 3, 'A', 'REGULAR', 11, 249),
	(1864, 4, 'A', 'REGULAR', 11, 249),
	(1865, 5, 'A', 'REGULAR', 11, 249),
	(1866, 6, 'A', 'REGULAR', 11, 249),
	(1867, 7, 'A', 'REGULAR', 11, 249),
	(1868, 8, 'A', 'REGULAR', 11, 249),
	(1869, 9, 'A', 'REGULAR', 11, 249),
	(1870, 10, 'A', 'REGULAR', 11, 249),
	(1871, 11, 'A', 'REGULAR', 11, 249),
	(1872, 12, 'A', 'REGULAR', 11, 249),
	(1873, 13, 'A', 'REGULAR', 11, 249),
	(1874, 14, 'A', 'REGULAR', 11, 249),
	(1875, 15, 'A', 'REGULAR', 11, 249),
	(1876, 16, 'A', 'REGULAR', 11, 249),
	(1877, 17, 'A', 'REGULAR', 11, 249),
	(1878, 18, 'A', 'REGULAR', 11, 249),
	(1879, 19, 'A', 'REGULAR', 11, 249),
	(1880, 20, 'A', 'REGULAR', 11, 249),
	(1881, 1, 'B', 'REGULAR', 11, 249),
	(1882, 2, 'B', 'REGULAR', 11, 249),
	(1883, 3, 'B', 'REGULAR', 11, 249),
	(1884, 4, 'B', 'REGULAR', 11, 249),
	(1885, 5, 'B', 'REGULAR', 11, 249),
	(1886, 6, 'B', 'REGULAR', 11, 249),
	(1887, 7, 'B', 'REGULAR', 11, 249),
	(1888, 8, 'B', 'REGULAR', 11, 249),
	(1889, 9, 'B', 'REGULAR', 11, 249),
	(1890, 10, 'B', 'REGULAR', 11, 249),
	(1891, 11, 'B', 'REGULAR', 11, 249),
	(1892, 12, 'B', 'REGULAR', 11, 249),
	(1893, 13, 'B', 'REGULAR', 11, 249),
	(1894, 14, 'B', 'REGULAR', 11, 249),
	(1895, 15, 'B', 'REGULAR', 11, 249),
	(1896, 16, 'B', 'REGULAR', 11, 249),
	(1897, 17, 'B', 'REGULAR', 11, 249),
	(1898, 18, 'B', 'REGULAR', 11, 249),
	(1899, 19, 'B', 'REGULAR', 11, 249),
	(1900, 20, 'B', 'REGULAR', 11, 249),
	(1901, 1, 'C', 'REGULAR', 11, 249),
	(1902, 2, 'C', 'REGULAR', 11, 249),
	(1903, 3, 'C', 'REGULAR', 11, 249),
	(1904, 4, 'C', 'REGULAR', 11, 249),
	(1905, 5, 'C', 'REGULAR', 11, 249),
	(1906, 6, 'C', 'REGULAR', 11, 249),
	(1907, 7, 'C', 'REGULAR', 11, 249),
	(1908, 8, 'C', 'REGULAR', 11, 249),
	(1909, 9, 'C', 'REGULAR', 11, 249),
	(1910, 10, 'C', 'REGULAR', 11, 249),
	(1911, 11, 'C', 'REGULAR', 11, 249),
	(1912, 12, 'C', 'REGULAR', 11, 249),
	(1913, 13, 'C', 'REGULAR', 11, 249),
	(1914, 14, 'C', 'REGULAR', 11, 249),
	(1915, 15, 'C', 'REGULAR', 11, 249),
	(1916, 16, 'C', 'REGULAR', 11, 249),
	(1917, 17, 'C', 'REGULAR', 11, 249),
	(1918, 18, 'C', 'REGULAR', 11, 249),
	(1919, 19, 'C', 'REGULAR', 11, 249),
	(1920, 20, 'C', 'REGULAR', 11, 249),
	(1921, 1, 'D', 'REGULAR', 11, 249),
	(1922, 2, 'D', 'REGULAR', 11, 249),
	(1923, 3, 'D', 'REGULAR', 11, 249),
	(1924, 4, 'D', 'REGULAR', 11, 249),
	(1925, 5, 'D', 'REGULAR', 11, 249),
	(1926, 6, 'D', 'REGULAR', 11, 249),
	(1927, 7, 'D', 'REGULAR', 11, 249),
	(1928, 8, 'D', 'REGULAR', 11, 249),
	(1929, 9, 'D', 'REGULAR', 11, 249),
	(1930, 10, 'D', 'REGULAR', 11, 249),
	(1931, 11, 'D', 'REGULAR', 11, 249),
	(1932, 12, 'D', 'REGULAR', 11, 249),
	(1933, 13, 'D', 'REGULAR', 11, 249),
	(1934, 14, 'D', 'REGULAR', 11, 249),
	(1935, 15, 'D', 'REGULAR', 11, 249),
	(1936, 16, 'D', 'REGULAR', 11, 249),
	(1937, 17, 'D', 'REGULAR', 11, 249),
	(1938, 18, 'D', 'REGULAR', 11, 249),
	(1939, 19, 'D', 'REGULAR', 11, 249),
	(1940, 20, 'D', 'REGULAR', 11, 249),
	(1941, 1, 'E', 'REGULAR', 11, 249),
	(1942, 2, 'E', 'REGULAR', 11, 249),
	(1943, 3, 'E', 'REGULAR', 11, 249),
	(1944, 4, 'E', 'REGULAR', 11, 249),
	(1945, 5, 'E', 'REGULAR', 11, 249),
	(1946, 6, 'E', 'REGULAR', 11, 249),
	(1947, 7, 'E', 'REGULAR', 11, 249),
	(1948, 8, 'E', 'REGULAR', 11, 249),
	(1949, 9, 'E', 'REGULAR', 11, 249),
	(1950, 10, 'E', 'REGULAR', 11, 249),
	(1951, 11, 'E', 'REGULAR', 11, 249),
	(1952, 12, 'E', 'REGULAR', 11, 249),
	(1953, 13, 'E', 'REGULAR', 11, 249),
	(1954, 14, 'E', 'REGULAR', 11, 249),
	(1955, 15, 'E', 'REGULAR', 11, 249),
	(1956, 16, 'E', 'REGULAR', 11, 249),
	(1957, 17, 'E', 'REGULAR', 11, 249),
	(1958, 18, 'E', 'REGULAR', 11, 249),
	(1959, 19, 'E', 'REGULAR', 11, 249),
	(1960, 20, 'E', 'REGULAR', 11, 249),
	(1961, 1, 'F', 'REGULAR', 11, 249),
	(1962, 2, 'F', 'REGULAR', 11, 249),
	(1963, 3, 'F', 'REGULAR', 11, 249),
	(1964, 4, 'F', 'REGULAR', 11, 249),
	(1965, 5, 'F', 'REGULAR', 11, 249),
	(1966, 6, 'F', 'REGULAR', 11, 249),
	(1967, 7, 'F', 'REGULAR', 11, 249),
	(1968, 8, 'F', 'REGULAR', 11, 249),
	(1969, 9, 'F', 'REGULAR', 11, 249),
	(1970, 10, 'F', 'REGULAR', 11, 249),
	(1971, 11, 'F', 'REGULAR', 11, 249),
	(1972, 12, 'F', 'REGULAR', 11, 249),
	(1973, 13, 'F', 'REGULAR', 11, 249),
	(1974, 14, 'F', 'REGULAR', 11, 249),
	(1975, 15, 'F', 'REGULAR', 11, 249),
	(1976, 16, 'F', 'REGULAR', 11, 249),
	(1977, 17, 'F', 'REGULAR', 11, 249),
	(1978, 18, 'F', 'REGULAR', 11, 249),
	(1979, 19, 'F', 'REGULAR', 11, 249),
	(1980, 20, 'F', 'REGULAR', 11, 249),
	(1981, 1, 'G', 'REGULAR', 11, 249),
	(1982, 2, 'G', 'REGULAR', 11, 249),
	(1983, 3, 'G', 'REGULAR', 11, 249),
	(1984, 4, 'G', 'REGULAR', 11, 249),
	(1985, 5, 'G', 'REGULAR', 11, 249),
	(1986, 6, 'G', 'REGULAR', 11, 249),
	(1987, 7, 'G', 'REGULAR', 11, 249),
	(1988, 8, 'G', 'REGULAR', 11, 249),
	(1989, 9, 'G', 'REGULAR', 11, 249),
	(1990, 10, 'G', 'REGULAR', 11, 249),
	(1991, 11, 'G', 'REGULAR', 11, 249),
	(1992, 12, 'G', 'REGULAR', 11, 249),
	(1993, 13, 'G', 'REGULAR', 11, 249),
	(1994, 14, 'G', 'REGULAR', 11, 249),
	(1995, 15, 'G', 'REGULAR', 11, 249),
	(1996, 16, 'G', 'REGULAR', 11, 249),
	(1997, 17, 'G', 'REGULAR', 11, 249),
	(1998, 18, 'G', 'REGULAR', 11, 249),
	(1999, 19, 'G', 'REGULAR', 11, 249),
	(2000, 20, 'G', 'REGULAR', 11, 249),
	(2001, 1, 'H', 'REGULAR', 11, 249),
	(2002, 2, 'H', 'REGULAR', 11, 249),
	(2003, 3, 'H', 'REGULAR', 11, 249),
	(2004, 4, 'H', 'REGULAR', 11, 249),
	(2005, 5, 'H', 'REGULAR', 11, 249),
	(2006, 6, 'H', 'REGULAR', 11, 249),
	(2007, 7, 'H', 'REGULAR', 11, 249),
	(2008, 8, 'H', 'REGULAR', 11, 249),
	(2009, 9, 'H', 'REGULAR', 11, 249),
	(2010, 10, 'H', 'REGULAR', 11, 249),
	(2011, 11, 'H', 'REGULAR', 11, 249),
	(2012, 12, 'H', 'REGULAR', 11, 249),
	(2013, 13, 'H', 'REGULAR', 11, 249),
	(2014, 14, 'H', 'REGULAR', 11, 249),
	(2015, 15, 'H', 'REGULAR', 11, 249),
	(2016, 16, 'H', 'REGULAR', 11, 249),
	(2017, 17, 'H', 'REGULAR', 11, 249),
	(2018, 18, 'H', 'REGULAR', 11, 249),
	(2019, 19, 'H', 'REGULAR', 11, 249),
	(2020, 20, 'H', 'REGULAR', 11, 249),
	(2021, 1, 'J', 'PREMIUM', 11, 399),
	(2022, 2, 'J', 'PREMIUM', 11, 399),
	(2023, 3, 'J', 'PREMIUM', 11, 399),
	(2024, 4, 'J', 'PREMIUM', 11, 399),
	(2025, 5, 'J', 'PREMIUM', 11, 399),
	(2026, 6, 'J', 'PREMIUM', 11, 399),
	(2027, 7, 'J', 'PREMIUM', 11, 399),
	(2028, 8, 'J', 'PREMIUM', 11, 399),
	(2029, 9, 'J', 'PREMIUM', 11, 399),
	(2030, 10, 'J', 'PREMIUM', 11, 399),
	(2031, 11, 'J', 'PREMIUM', 11, 399),
	(2032, 12, 'J', 'PREMIUM', 11, 399),
	(2033, 1, 'K', 'PREMIUM', 11, 399),
	(2034, 2, 'K', 'PREMIUM', 11, 399),
	(2035, 3, 'K', 'PREMIUM', 11, 399),
	(2036, 4, 'K', 'PREMIUM', 11, 399),
	(2037, 5, 'K', 'PREMIUM', 11, 399),
	(2038, 6, 'K', 'PREMIUM', 11, 399),
	(2039, 7, 'K', 'PREMIUM', 11, 399),
	(2040, 8, 'K', 'PREMIUM', 11, 399),
	(2041, 9, 'K', 'PREMIUM', 11, 399),
	(2042, 10, 'K', 'PREMIUM', 11, 399),
	(2043, 11, 'K', 'PREMIUM', 11, 399),
	(2044, 12, 'K', 'PREMIUM', 11, 399),
	(2045, 13, 'K', 'PREMIUM', 11, 399),
	(2046, 14, 'K', 'PREMIUM', 11, 399),
	(2047, 1, 'A', 'REGULAR', 12, 249),
	(2048, 2, 'A', 'REGULAR', 12, 249),
	(2049, 3, 'A', 'REGULAR', 12, 249),
	(2050, 4, 'A', 'REGULAR', 12, 249),
	(2051, 5, 'A', 'REGULAR', 12, 249),
	(2052, 6, 'A', 'REGULAR', 12, 249),
	(2053, 7, 'A', 'REGULAR', 12, 249),
	(2054, 8, 'A', 'REGULAR', 12, 249),
	(2055, 9, 'A', 'REGULAR', 12, 249),
	(2056, 10, 'A', 'REGULAR', 12, 249),
	(2057, 11, 'A', 'REGULAR', 12, 249),
	(2058, 12, 'A', 'REGULAR', 12, 249),
	(2059, 13, 'A', 'REGULAR', 12, 249),
	(2060, 14, 'A', 'REGULAR', 12, 249),
	(2061, 15, 'A', 'REGULAR', 12, 249),
	(2062, 16, 'A', 'REGULAR', 12, 249),
	(2063, 17, 'A', 'REGULAR', 12, 249),
	(2064, 18, 'A', 'REGULAR', 12, 249),
	(2065, 19, 'A', 'REGULAR', 12, 249),
	(2066, 20, 'A', 'REGULAR', 12, 249),
	(2067, 1, 'B', 'REGULAR', 12, 249),
	(2068, 2, 'B', 'REGULAR', 12, 249),
	(2069, 3, 'B', 'REGULAR', 12, 249),
	(2070, 4, 'B', 'REGULAR', 12, 249),
	(2071, 5, 'B', 'REGULAR', 12, 249),
	(2072, 6, 'B', 'REGULAR', 12, 249),
	(2073, 7, 'B', 'REGULAR', 12, 249),
	(2074, 8, 'B', 'REGULAR', 12, 249),
	(2075, 9, 'B', 'REGULAR', 12, 249),
	(2076, 10, 'B', 'REGULAR', 12, 249),
	(2077, 11, 'B', 'REGULAR', 12, 249),
	(2078, 12, 'B', 'REGULAR', 12, 249),
	(2079, 13, 'B', 'REGULAR', 12, 249),
	(2080, 14, 'B', 'REGULAR', 12, 249),
	(2081, 15, 'B', 'REGULAR', 12, 249),
	(2082, 16, 'B', 'REGULAR', 12, 249),
	(2083, 17, 'B', 'REGULAR', 12, 249),
	(2084, 18, 'B', 'REGULAR', 12, 249),
	(2085, 19, 'B', 'REGULAR', 12, 249),
	(2086, 20, 'B', 'REGULAR', 12, 249),
	(2087, 1, 'C', 'REGULAR', 12, 249),
	(2088, 2, 'C', 'REGULAR', 12, 249),
	(2089, 3, 'C', 'REGULAR', 12, 249),
	(2090, 4, 'C', 'REGULAR', 12, 249),
	(2091, 5, 'C', 'REGULAR', 12, 249),
	(2092, 6, 'C', 'REGULAR', 12, 249),
	(2093, 7, 'C', 'REGULAR', 12, 249),
	(2094, 8, 'C', 'REGULAR', 12, 249),
	(2095, 9, 'C', 'REGULAR', 12, 249),
	(2096, 10, 'C', 'REGULAR', 12, 249),
	(2097, 11, 'C', 'REGULAR', 12, 249),
	(2098, 12, 'C', 'REGULAR', 12, 249),
	(2099, 13, 'C', 'REGULAR', 12, 249),
	(2100, 14, 'C', 'REGULAR', 12, 249),
	(2101, 15, 'C', 'REGULAR', 12, 249),
	(2102, 16, 'C', 'REGULAR', 12, 249),
	(2103, 17, 'C', 'REGULAR', 12, 249),
	(2104, 18, 'C', 'REGULAR', 12, 249),
	(2105, 19, 'C', 'REGULAR', 12, 249),
	(2106, 20, 'C', 'REGULAR', 12, 249),
	(2107, 1, 'D', 'REGULAR', 12, 249),
	(2108, 2, 'D', 'REGULAR', 12, 249),
	(2109, 3, 'D', 'REGULAR', 12, 249),
	(2110, 4, 'D', 'REGULAR', 12, 249),
	(2111, 5, 'D', 'REGULAR', 12, 249),
	(2112, 6, 'D', 'REGULAR', 12, 249),
	(2113, 7, 'D', 'REGULAR', 12, 249),
	(2114, 8, 'D', 'REGULAR', 12, 249),
	(2115, 9, 'D', 'REGULAR', 12, 249),
	(2116, 10, 'D', 'REGULAR', 12, 249),
	(2117, 11, 'D', 'REGULAR', 12, 249),
	(2118, 12, 'D', 'REGULAR', 12, 249),
	(2119, 13, 'D', 'REGULAR', 12, 249),
	(2120, 14, 'D', 'REGULAR', 12, 249),
	(2121, 15, 'D', 'REGULAR', 12, 249),
	(2122, 16, 'D', 'REGULAR', 12, 249),
	(2123, 17, 'D', 'REGULAR', 12, 249),
	(2124, 18, 'D', 'REGULAR', 12, 249),
	(2125, 19, 'D', 'REGULAR', 12, 249),
	(2126, 20, 'D', 'REGULAR', 12, 249),
	(2127, 1, 'E', 'REGULAR', 12, 249),
	(2128, 2, 'E', 'REGULAR', 12, 249),
	(2129, 3, 'E', 'REGULAR', 12, 249),
	(2130, 4, 'E', 'REGULAR', 12, 249),
	(2131, 5, 'E', 'REGULAR', 12, 249),
	(2132, 6, 'E', 'REGULAR', 12, 249),
	(2133, 7, 'E', 'REGULAR', 12, 249),
	(2134, 8, 'E', 'REGULAR', 12, 249),
	(2135, 9, 'E', 'REGULAR', 12, 249),
	(2136, 10, 'E', 'REGULAR', 12, 249),
	(2137, 11, 'E', 'REGULAR', 12, 249),
	(2138, 12, 'E', 'REGULAR', 12, 249),
	(2139, 13, 'E', 'REGULAR', 12, 249),
	(2140, 14, 'E', 'REGULAR', 12, 249),
	(2141, 15, 'E', 'REGULAR', 12, 249),
	(2142, 16, 'E', 'REGULAR', 12, 249),
	(2143, 17, 'E', 'REGULAR', 12, 249),
	(2144, 18, 'E', 'REGULAR', 12, 249),
	(2145, 19, 'E', 'REGULAR', 12, 249),
	(2146, 20, 'E', 'REGULAR', 12, 249),
	(2147, 1, 'F', 'REGULAR', 12, 249),
	(2148, 2, 'F', 'REGULAR', 12, 249),
	(2149, 3, 'F', 'REGULAR', 12, 249),
	(2150, 4, 'F', 'REGULAR', 12, 249),
	(2151, 5, 'F', 'REGULAR', 12, 249),
	(2152, 6, 'F', 'REGULAR', 12, 249),
	(2153, 7, 'F', 'REGULAR', 12, 249),
	(2154, 8, 'F', 'REGULAR', 12, 249),
	(2155, 9, 'F', 'REGULAR', 12, 249),
	(2156, 10, 'F', 'REGULAR', 12, 249),
	(2157, 11, 'F', 'REGULAR', 12, 249),
	(2158, 12, 'F', 'REGULAR', 12, 249),
	(2159, 13, 'F', 'REGULAR', 12, 249),
	(2160, 14, 'F', 'REGULAR', 12, 249),
	(2161, 15, 'F', 'REGULAR', 12, 249),
	(2162, 16, 'F', 'REGULAR', 12, 249),
	(2163, 17, 'F', 'REGULAR', 12, 249),
	(2164, 18, 'F', 'REGULAR', 12, 249),
	(2165, 19, 'F', 'REGULAR', 12, 249),
	(2166, 20, 'F', 'REGULAR', 12, 249),
	(2167, 1, 'G', 'REGULAR', 12, 249),
	(2168, 2, 'G', 'REGULAR', 12, 249),
	(2169, 3, 'G', 'REGULAR', 12, 249),
	(2170, 4, 'G', 'REGULAR', 12, 249),
	(2171, 5, 'G', 'REGULAR', 12, 249),
	(2172, 6, 'G', 'REGULAR', 12, 249),
	(2173, 7, 'G', 'REGULAR', 12, 249),
	(2174, 8, 'G', 'REGULAR', 12, 249),
	(2175, 9, 'G', 'REGULAR', 12, 249),
	(2176, 10, 'G', 'REGULAR', 12, 249),
	(2177, 11, 'G', 'REGULAR', 12, 249),
	(2178, 12, 'G', 'REGULAR', 12, 249),
	(2179, 13, 'G', 'REGULAR', 12, 249),
	(2180, 14, 'G', 'REGULAR', 12, 249),
	(2181, 15, 'G', 'REGULAR', 12, 249),
	(2182, 16, 'G', 'REGULAR', 12, 249),
	(2183, 17, 'G', 'REGULAR', 12, 249),
	(2184, 18, 'G', 'REGULAR', 12, 249),
	(2185, 19, 'G', 'REGULAR', 12, 249),
	(2186, 20, 'G', 'REGULAR', 12, 249),
	(2187, 1, 'H', 'REGULAR', 12, 249),
	(2188, 2, 'H', 'REGULAR', 12, 249),
	(2189, 3, 'H', 'REGULAR', 12, 249),
	(2190, 4, 'H', 'REGULAR', 12, 249),
	(2191, 5, 'H', 'REGULAR', 12, 249),
	(2192, 6, 'H', 'REGULAR', 12, 249),
	(2193, 7, 'H', 'REGULAR', 12, 249),
	(2194, 8, 'H', 'REGULAR', 12, 249),
	(2195, 9, 'H', 'REGULAR', 12, 249),
	(2196, 10, 'H', 'REGULAR', 12, 249),
	(2197, 11, 'H', 'REGULAR', 12, 249),
	(2198, 12, 'H', 'REGULAR', 12, 249),
	(2199, 13, 'H', 'REGULAR', 12, 249),
	(2200, 14, 'H', 'REGULAR', 12, 249),
	(2201, 15, 'H', 'REGULAR', 12, 249),
	(2202, 16, 'H', 'REGULAR', 12, 249),
	(2203, 17, 'H', 'REGULAR', 12, 249),
	(2204, 18, 'H', 'REGULAR', 12, 249),
	(2205, 19, 'H', 'REGULAR', 12, 249),
	(2206, 20, 'H', 'REGULAR', 12, 249),
	(2207, 1, 'J', 'PREMIUM', 12, 399),
	(2208, 2, 'J', 'PREMIUM', 12, 399),
	(2209, 3, 'J', 'PREMIUM', 12, 399),
	(2210, 4, 'J', 'PREMIUM', 12, 399),
	(2211, 5, 'J', 'PREMIUM', 12, 399),
	(2212, 6, 'J', 'PREMIUM', 12, 399),
	(2213, 7, 'J', 'PREMIUM', 12, 399),
	(2214, 8, 'J', 'PREMIUM', 12, 399),
	(2215, 9, 'J', 'PREMIUM', 12, 399),
	(2216, 10, 'J', 'PREMIUM', 12, 399),
	(2217, 11, 'J', 'PREMIUM', 12, 399),
	(2218, 12, 'J', 'PREMIUM', 12, 399),
	(2219, 1, 'K', 'PREMIUM', 12, 399),
	(2220, 2, 'K', 'PREMIUM', 12, 399),
	(2221, 3, 'K', 'PREMIUM', 12, 399),
	(2222, 4, 'K', 'PREMIUM', 12, 399),
	(2223, 5, 'K', 'PREMIUM', 12, 399),
	(2224, 6, 'K', 'PREMIUM', 12, 399),
	(2225, 7, 'K', 'PREMIUM', 12, 399),
	(2226, 8, 'K', 'PREMIUM', 12, 399),
	(2227, 9, 'K', 'PREMIUM', 12, 399),
	(2228, 10, 'K', 'PREMIUM', 12, 399),
	(2229, 11, 'K', 'PREMIUM', 12, 399),
	(2230, 12, 'K', 'PREMIUM', 12, 399),
	(2231, 13, 'K', 'PREMIUM', 12, 399),
	(2232, 14, 'K', 'PREMIUM', 12, 399),
	(2233, 1, 'A', 'REGULAR', 13, 249),
	(2234, 2, 'A', 'REGULAR', 13, 249),
	(2235, 3, 'A', 'REGULAR', 13, 249),
	(2236, 4, 'A', 'REGULAR', 13, 249),
	(2237, 5, 'A', 'REGULAR', 13, 249),
	(2238, 6, 'A', 'REGULAR', 13, 249),
	(2239, 7, 'A', 'REGULAR', 13, 249),
	(2240, 8, 'A', 'REGULAR', 13, 249),
	(2241, 9, 'A', 'REGULAR', 13, 249),
	(2242, 10, 'A', 'REGULAR', 13, 249),
	(2243, 11, 'A', 'REGULAR', 13, 249),
	(2244, 12, 'A', 'REGULAR', 13, 249),
	(2245, 13, 'A', 'REGULAR', 13, 249),
	(2246, 14, 'A', 'REGULAR', 13, 249),
	(2247, 15, 'A', 'REGULAR', 13, 249),
	(2248, 16, 'A', 'REGULAR', 13, 249),
	(2249, 17, 'A', 'REGULAR', 13, 249),
	(2250, 18, 'A', 'REGULAR', 13, 249),
	(2251, 19, 'A', 'REGULAR', 13, 249),
	(2252, 20, 'A', 'REGULAR', 13, 249),
	(2253, 1, 'B', 'REGULAR', 13, 249),
	(2254, 2, 'B', 'REGULAR', 13, 249),
	(2255, 3, 'B', 'REGULAR', 13, 249),
	(2256, 4, 'B', 'REGULAR', 13, 249),
	(2257, 5, 'B', 'REGULAR', 13, 249),
	(2258, 6, 'B', 'REGULAR', 13, 249),
	(2259, 7, 'B', 'REGULAR', 13, 249),
	(2260, 8, 'B', 'REGULAR', 13, 249),
	(2261, 9, 'B', 'REGULAR', 13, 249),
	(2262, 10, 'B', 'REGULAR', 13, 249),
	(2263, 11, 'B', 'REGULAR', 13, 249),
	(2264, 12, 'B', 'REGULAR', 13, 249),
	(2265, 13, 'B', 'REGULAR', 13, 249),
	(2266, 14, 'B', 'REGULAR', 13, 249),
	(2267, 15, 'B', 'REGULAR', 13, 249),
	(2268, 16, 'B', 'REGULAR', 13, 249),
	(2269, 17, 'B', 'REGULAR', 13, 249),
	(2270, 18, 'B', 'REGULAR', 13, 249),
	(2271, 19, 'B', 'REGULAR', 13, 249),
	(2272, 20, 'B', 'REGULAR', 13, 249),
	(2273, 1, 'C', 'REGULAR', 13, 249),
	(2274, 2, 'C', 'REGULAR', 13, 249),
	(2275, 3, 'C', 'REGULAR', 13, 249),
	(2276, 4, 'C', 'REGULAR', 13, 249),
	(2277, 5, 'C', 'REGULAR', 13, 249),
	(2278, 6, 'C', 'REGULAR', 13, 249),
	(2279, 7, 'C', 'REGULAR', 13, 249),
	(2280, 8, 'C', 'REGULAR', 13, 249),
	(2281, 9, 'C', 'REGULAR', 13, 249),
	(2282, 10, 'C', 'REGULAR', 13, 249),
	(2283, 11, 'C', 'REGULAR', 13, 249),
	(2284, 12, 'C', 'REGULAR', 13, 249),
	(2285, 13, 'C', 'REGULAR', 13, 249),
	(2286, 14, 'C', 'REGULAR', 13, 249),
	(2287, 15, 'C', 'REGULAR', 13, 249),
	(2288, 16, 'C', 'REGULAR', 13, 249),
	(2289, 17, 'C', 'REGULAR', 13, 249),
	(2290, 18, 'C', 'REGULAR', 13, 249),
	(2291, 19, 'C', 'REGULAR', 13, 249),
	(2292, 20, 'C', 'REGULAR', 13, 249),
	(2293, 1, 'D', 'REGULAR', 13, 249),
	(2294, 2, 'D', 'REGULAR', 13, 249),
	(2295, 3, 'D', 'REGULAR', 13, 249),
	(2296, 4, 'D', 'REGULAR', 13, 249),
	(2297, 5, 'D', 'REGULAR', 13, 249),
	(2298, 6, 'D', 'REGULAR', 13, 249),
	(2299, 7, 'D', 'REGULAR', 13, 249),
	(2300, 8, 'D', 'REGULAR', 13, 249),
	(2301, 9, 'D', 'REGULAR', 13, 249),
	(2302, 10, 'D', 'REGULAR', 13, 249),
	(2303, 11, 'D', 'REGULAR', 13, 249),
	(2304, 12, 'D', 'REGULAR', 13, 249),
	(2305, 13, 'D', 'REGULAR', 13, 249),
	(2306, 14, 'D', 'REGULAR', 13, 249),
	(2307, 15, 'D', 'REGULAR', 13, 249),
	(2308, 16, 'D', 'REGULAR', 13, 249),
	(2309, 17, 'D', 'REGULAR', 13, 249),
	(2310, 18, 'D', 'REGULAR', 13, 249),
	(2311, 19, 'D', 'REGULAR', 13, 249),
	(2312, 20, 'D', 'REGULAR', 13, 249),
	(2313, 1, 'E', 'REGULAR', 13, 249),
	(2314, 2, 'E', 'REGULAR', 13, 249),
	(2315, 3, 'E', 'REGULAR', 13, 249),
	(2316, 4, 'E', 'REGULAR', 13, 249),
	(2317, 5, 'E', 'REGULAR', 13, 249),
	(2318, 6, 'E', 'REGULAR', 13, 249),
	(2319, 7, 'E', 'REGULAR', 13, 249),
	(2320, 8, 'E', 'REGULAR', 13, 249),
	(2321, 9, 'E', 'REGULAR', 13, 249),
	(2322, 10, 'E', 'REGULAR', 13, 249),
	(2323, 11, 'E', 'REGULAR', 13, 249),
	(2324, 12, 'E', 'REGULAR', 13, 249),
	(2325, 13, 'E', 'REGULAR', 13, 249),
	(2326, 14, 'E', 'REGULAR', 13, 249),
	(2327, 15, 'E', 'REGULAR', 13, 249),
	(2328, 16, 'E', 'REGULAR', 13, 249),
	(2329, 17, 'E', 'REGULAR', 13, 249),
	(2330, 18, 'E', 'REGULAR', 13, 249),
	(2331, 19, 'E', 'REGULAR', 13, 249),
	(2332, 20, 'E', 'REGULAR', 13, 249),
	(2333, 1, 'F', 'REGULAR', 13, 249),
	(2334, 2, 'F', 'REGULAR', 13, 249),
	(2335, 3, 'F', 'REGULAR', 13, 249),
	(2336, 4, 'F', 'REGULAR', 13, 249),
	(2337, 5, 'F', 'REGULAR', 13, 249),
	(2338, 6, 'F', 'REGULAR', 13, 249),
	(2339, 7, 'F', 'REGULAR', 13, 249),
	(2340, 8, 'F', 'REGULAR', 13, 249),
	(2341, 9, 'F', 'REGULAR', 13, 249),
	(2342, 10, 'F', 'REGULAR', 13, 249),
	(2343, 11, 'F', 'REGULAR', 13, 249),
	(2344, 12, 'F', 'REGULAR', 13, 249),
	(2345, 13, 'F', 'REGULAR', 13, 249),
	(2346, 14, 'F', 'REGULAR', 13, 249),
	(2347, 15, 'F', 'REGULAR', 13, 249),
	(2348, 16, 'F', 'REGULAR', 13, 249),
	(2349, 17, 'F', 'REGULAR', 13, 249),
	(2350, 18, 'F', 'REGULAR', 13, 249),
	(2351, 19, 'F', 'REGULAR', 13, 249),
	(2352, 20, 'F', 'REGULAR', 13, 249),
	(2353, 1, 'G', 'REGULAR', 13, 249),
	(2354, 2, 'G', 'REGULAR', 13, 249),
	(2355, 3, 'G', 'REGULAR', 13, 249),
	(2356, 4, 'G', 'REGULAR', 13, 249),
	(2357, 5, 'G', 'REGULAR', 13, 249),
	(2358, 6, 'G', 'REGULAR', 13, 249),
	(2359, 7, 'G', 'REGULAR', 13, 249),
	(2360, 8, 'G', 'REGULAR', 13, 249),
	(2361, 9, 'G', 'REGULAR', 13, 249),
	(2362, 10, 'G', 'REGULAR', 13, 249),
	(2363, 11, 'G', 'REGULAR', 13, 249),
	(2364, 12, 'G', 'REGULAR', 13, 249),
	(2365, 13, 'G', 'REGULAR', 13, 249),
	(2366, 14, 'G', 'REGULAR', 13, 249),
	(2367, 15, 'G', 'REGULAR', 13, 249),
	(2368, 16, 'G', 'REGULAR', 13, 249),
	(2369, 17, 'G', 'REGULAR', 13, 249),
	(2370, 18, 'G', 'REGULAR', 13, 249),
	(2371, 19, 'G', 'REGULAR', 13, 249),
	(2372, 20, 'G', 'REGULAR', 13, 249),
	(2373, 1, 'H', 'REGULAR', 13, 249),
	(2374, 2, 'H', 'REGULAR', 13, 249),
	(2375, 3, 'H', 'REGULAR', 13, 249),
	(2376, 4, 'H', 'REGULAR', 13, 249),
	(2377, 5, 'H', 'REGULAR', 13, 249),
	(2378, 6, 'H', 'REGULAR', 13, 249),
	(2379, 7, 'H', 'REGULAR', 13, 249),
	(2380, 8, 'H', 'REGULAR', 13, 249),
	(2381, 9, 'H', 'REGULAR', 13, 249),
	(2382, 10, 'H', 'REGULAR', 13, 249),
	(2383, 11, 'H', 'REGULAR', 13, 249),
	(2384, 12, 'H', 'REGULAR', 13, 249),
	(2385, 13, 'H', 'REGULAR', 13, 249),
	(2386, 14, 'H', 'REGULAR', 13, 249),
	(2387, 15, 'H', 'REGULAR', 13, 249),
	(2388, 16, 'H', 'REGULAR', 13, 249),
	(2389, 17, 'H', 'REGULAR', 13, 249),
	(2390, 18, 'H', 'REGULAR', 13, 249),
	(2391, 19, 'H', 'REGULAR', 13, 249),
	(2392, 20, 'H', 'REGULAR', 13, 249),
	(2393, 1, 'J', 'PREMIUM', 13, 399),
	(2394, 2, 'J', 'PREMIUM', 13, 399),
	(2395, 3, 'J', 'PREMIUM', 13, 399),
	(2396, 4, 'J', 'PREMIUM', 13, 399),
	(2397, 5, 'J', 'PREMIUM', 13, 399),
	(2398, 6, 'J', 'PREMIUM', 13, 399),
	(2399, 7, 'J', 'PREMIUM', 13, 399),
	(2400, 8, 'J', 'PREMIUM', 13, 399),
	(2401, 9, 'J', 'PREMIUM', 13, 399),
	(2402, 10, 'J', 'PREMIUM', 13, 399),
	(2403, 11, 'J', 'PREMIUM', 13, 399),
	(2404, 12, 'J', 'PREMIUM', 13, 399),
	(2405, 1, 'K', 'PREMIUM', 13, 399),
	(2406, 2, 'K', 'PREMIUM', 13, 399),
	(2407, 3, 'K', 'PREMIUM', 13, 399),
	(2408, 4, 'K', 'PREMIUM', 13, 399),
	(2409, 5, 'K', 'PREMIUM', 13, 399),
	(2410, 6, 'K', 'PREMIUM', 13, 399),
	(2411, 7, 'K', 'PREMIUM', 13, 399),
	(2412, 8, 'K', 'PREMIUM', 13, 399),
	(2413, 9, 'K', 'PREMIUM', 13, 399),
	(2414, 10, 'K', 'PREMIUM', 13, 399),
	(2415, 11, 'K', 'PREMIUM', 13, 399),
	(2416, 12, 'K', 'PREMIUM', 13, 399),
	(2417, 13, 'K', 'PREMIUM', 13, 399),
	(2418, 14, 'K', 'PREMIUM', 13, 399),
	(2419, 1, 'A', 'REGULAR', 14, 249),
	(2420, 2, 'A', 'REGULAR', 14, 249),
	(2421, 3, 'A', 'REGULAR', 14, 249),
	(2422, 4, 'A', 'REGULAR', 14, 249),
	(2423, 5, 'A', 'REGULAR', 14, 249),
	(2424, 6, 'A', 'REGULAR', 14, 249),
	(2425, 7, 'A', 'REGULAR', 14, 249),
	(2426, 8, 'A', 'REGULAR', 14, 249),
	(2427, 9, 'A', 'REGULAR', 14, 249),
	(2428, 10, 'A', 'REGULAR', 14, 249),
	(2429, 11, 'A', 'REGULAR', 14, 249),
	(2430, 12, 'A', 'REGULAR', 14, 249),
	(2431, 13, 'A', 'REGULAR', 14, 249),
	(2432, 14, 'A', 'REGULAR', 14, 249),
	(2433, 15, 'A', 'REGULAR', 14, 249),
	(2434, 16, 'A', 'REGULAR', 14, 249),
	(2435, 17, 'A', 'REGULAR', 14, 249),
	(2436, 18, 'A', 'REGULAR', 14, 249),
	(2437, 19, 'A', 'REGULAR', 14, 249),
	(2438, 20, 'A', 'REGULAR', 14, 249),
	(2439, 1, 'B', 'REGULAR', 14, 249),
	(2440, 2, 'B', 'REGULAR', 14, 249),
	(2441, 3, 'B', 'REGULAR', 14, 249),
	(2442, 4, 'B', 'REGULAR', 14, 249),
	(2443, 5, 'B', 'REGULAR', 14, 249),
	(2444, 6, 'B', 'REGULAR', 14, 249),
	(2445, 7, 'B', 'REGULAR', 14, 249),
	(2446, 8, 'B', 'REGULAR', 14, 249),
	(2447, 9, 'B', 'REGULAR', 14, 249),
	(2448, 10, 'B', 'REGULAR', 14, 249),
	(2449, 11, 'B', 'REGULAR', 14, 249),
	(2450, 12, 'B', 'REGULAR', 14, 249),
	(2451, 13, 'B', 'REGULAR', 14, 249),
	(2452, 14, 'B', 'REGULAR', 14, 249),
	(2453, 15, 'B', 'REGULAR', 14, 249),
	(2454, 16, 'B', 'REGULAR', 14, 249),
	(2455, 17, 'B', 'REGULAR', 14, 249),
	(2456, 18, 'B', 'REGULAR', 14, 249),
	(2457, 19, 'B', 'REGULAR', 14, 249),
	(2458, 20, 'B', 'REGULAR', 14, 249),
	(2459, 1, 'C', 'REGULAR', 14, 249),
	(2460, 2, 'C', 'REGULAR', 14, 249),
	(2461, 3, 'C', 'REGULAR', 14, 249),
	(2462, 4, 'C', 'REGULAR', 14, 249),
	(2463, 5, 'C', 'REGULAR', 14, 249),
	(2464, 6, 'C', 'REGULAR', 14, 249),
	(2465, 7, 'C', 'REGULAR', 14, 249),
	(2466, 8, 'C', 'REGULAR', 14, 249),
	(2467, 9, 'C', 'REGULAR', 14, 249),
	(2468, 10, 'C', 'REGULAR', 14, 249),
	(2469, 11, 'C', 'REGULAR', 14, 249),
	(2470, 12, 'C', 'REGULAR', 14, 249),
	(2471, 13, 'C', 'REGULAR', 14, 249),
	(2472, 14, 'C', 'REGULAR', 14, 249),
	(2473, 15, 'C', 'REGULAR', 14, 249),
	(2474, 16, 'C', 'REGULAR', 14, 249),
	(2475, 17, 'C', 'REGULAR', 14, 249),
	(2476, 18, 'C', 'REGULAR', 14, 249),
	(2477, 19, 'C', 'REGULAR', 14, 249),
	(2478, 20, 'C', 'REGULAR', 14, 249),
	(2479, 1, 'D', 'REGULAR', 14, 249),
	(2480, 2, 'D', 'REGULAR', 14, 249),
	(2481, 3, 'D', 'REGULAR', 14, 249),
	(2482, 4, 'D', 'REGULAR', 14, 249),
	(2483, 5, 'D', 'REGULAR', 14, 249),
	(2484, 6, 'D', 'REGULAR', 14, 249),
	(2485, 7, 'D', 'REGULAR', 14, 249),
	(2486, 8, 'D', 'REGULAR', 14, 249),
	(2487, 9, 'D', 'REGULAR', 14, 249),
	(2488, 10, 'D', 'REGULAR', 14, 249),
	(2489, 11, 'D', 'REGULAR', 14, 249),
	(2490, 12, 'D', 'REGULAR', 14, 249),
	(2491, 13, 'D', 'REGULAR', 14, 249),
	(2492, 14, 'D', 'REGULAR', 14, 249),
	(2493, 15, 'D', 'REGULAR', 14, 249),
	(2494, 16, 'D', 'REGULAR', 14, 249),
	(2495, 17, 'D', 'REGULAR', 14, 249),
	(2496, 18, 'D', 'REGULAR', 14, 249),
	(2497, 19, 'D', 'REGULAR', 14, 249),
	(2498, 20, 'D', 'REGULAR', 14, 249),
	(2499, 1, 'E', 'REGULAR', 14, 249),
	(2500, 2, 'E', 'REGULAR', 14, 249),
	(2501, 3, 'E', 'REGULAR', 14, 249),
	(2502, 4, 'E', 'REGULAR', 14, 249),
	(2503, 5, 'E', 'REGULAR', 14, 249),
	(2504, 6, 'E', 'REGULAR', 14, 249),
	(2505, 7, 'E', 'REGULAR', 14, 249),
	(2506, 8, 'E', 'REGULAR', 14, 249),
	(2507, 9, 'E', 'REGULAR', 14, 249),
	(2508, 10, 'E', 'REGULAR', 14, 249),
	(2509, 11, 'E', 'REGULAR', 14, 249),
	(2510, 12, 'E', 'REGULAR', 14, 249),
	(2511, 13, 'E', 'REGULAR', 14, 249),
	(2512, 14, 'E', 'REGULAR', 14, 249),
	(2513, 15, 'E', 'REGULAR', 14, 249),
	(2514, 16, 'E', 'REGULAR', 14, 249),
	(2515, 17, 'E', 'REGULAR', 14, 249),
	(2516, 18, 'E', 'REGULAR', 14, 249),
	(2517, 19, 'E', 'REGULAR', 14, 249),
	(2518, 20, 'E', 'REGULAR', 14, 249),
	(2519, 1, 'F', 'REGULAR', 14, 249),
	(2520, 2, 'F', 'REGULAR', 14, 249),
	(2521, 3, 'F', 'REGULAR', 14, 249),
	(2522, 4, 'F', 'REGULAR', 14, 249),
	(2523, 5, 'F', 'REGULAR', 14, 249),
	(2524, 6, 'F', 'REGULAR', 14, 249),
	(2525, 7, 'F', 'REGULAR', 14, 249),
	(2526, 8, 'F', 'REGULAR', 14, 249),
	(2527, 9, 'F', 'REGULAR', 14, 249),
	(2528, 10, 'F', 'REGULAR', 14, 249),
	(2529, 11, 'F', 'REGULAR', 14, 249),
	(2530, 12, 'F', 'REGULAR', 14, 249),
	(2531, 13, 'F', 'REGULAR', 14, 249),
	(2532, 14, 'F', 'REGULAR', 14, 249),
	(2533, 15, 'F', 'REGULAR', 14, 249),
	(2534, 16, 'F', 'REGULAR', 14, 249),
	(2535, 17, 'F', 'REGULAR', 14, 249),
	(2536, 18, 'F', 'REGULAR', 14, 249),
	(2537, 19, 'F', 'REGULAR', 14, 249),
	(2538, 20, 'F', 'REGULAR', 14, 249),
	(2539, 1, 'G', 'REGULAR', 14, 249),
	(2540, 2, 'G', 'REGULAR', 14, 249),
	(2541, 3, 'G', 'REGULAR', 14, 249),
	(2542, 4, 'G', 'REGULAR', 14, 249),
	(2543, 5, 'G', 'REGULAR', 14, 249),
	(2544, 6, 'G', 'REGULAR', 14, 249),
	(2545, 7, 'G', 'REGULAR', 14, 249),
	(2546, 8, 'G', 'REGULAR', 14, 249),
	(2547, 9, 'G', 'REGULAR', 14, 249),
	(2548, 10, 'G', 'REGULAR', 14, 249),
	(2549, 11, 'G', 'REGULAR', 14, 249),
	(2550, 12, 'G', 'REGULAR', 14, 249),
	(2551, 13, 'G', 'REGULAR', 14, 249),
	(2552, 14, 'G', 'REGULAR', 14, 249),
	(2553, 15, 'G', 'REGULAR', 14, 249),
	(2554, 16, 'G', 'REGULAR', 14, 249),
	(2555, 17, 'G', 'REGULAR', 14, 249),
	(2556, 18, 'G', 'REGULAR', 14, 249),
	(2557, 19, 'G', 'REGULAR', 14, 249),
	(2558, 20, 'G', 'REGULAR', 14, 249),
	(2559, 1, 'H', 'REGULAR', 14, 249),
	(2560, 2, 'H', 'REGULAR', 14, 249),
	(2561, 3, 'H', 'REGULAR', 14, 249),
	(2562, 4, 'H', 'REGULAR', 14, 249),
	(2563, 5, 'H', 'REGULAR', 14, 249),
	(2564, 6, 'H', 'REGULAR', 14, 249),
	(2565, 7, 'H', 'REGULAR', 14, 249),
	(2566, 8, 'H', 'REGULAR', 14, 249),
	(2567, 9, 'H', 'REGULAR', 14, 249),
	(2568, 10, 'H', 'REGULAR', 14, 249),
	(2569, 11, 'H', 'REGULAR', 14, 249),
	(2570, 12, 'H', 'REGULAR', 14, 249),
	(2571, 13, 'H', 'REGULAR', 14, 249),
	(2572, 14, 'H', 'REGULAR', 14, 249),
	(2573, 15, 'H', 'REGULAR', 14, 249),
	(2574, 16, 'H', 'REGULAR', 14, 249),
	(2575, 17, 'H', 'REGULAR', 14, 249),
	(2576, 18, 'H', 'REGULAR', 14, 249),
	(2577, 19, 'H', 'REGULAR', 14, 249),
	(2578, 20, 'H', 'REGULAR', 14, 249),
	(2579, 1, 'J', 'PREMIUM', 14, 399),
	(2580, 2, 'J', 'PREMIUM', 14, 399),
	(2581, 3, 'J', 'PREMIUM', 14, 399),
	(2582, 4, 'J', 'PREMIUM', 14, 399),
	(2583, 5, 'J', 'PREMIUM', 14, 399),
	(2584, 6, 'J', 'PREMIUM', 14, 399),
	(2585, 7, 'J', 'PREMIUM', 14, 399),
	(2586, 8, 'J', 'PREMIUM', 14, 399),
	(2587, 9, 'J', 'PREMIUM', 14, 399),
	(2588, 10, 'J', 'PREMIUM', 14, 399),
	(2589, 11, 'J', 'PREMIUM', 14, 399),
	(2590, 12, 'J', 'PREMIUM', 14, 399),
	(2591, 1, 'K', 'PREMIUM', 14, 399),
	(2592, 2, 'K', 'PREMIUM', 14, 399),
	(2593, 3, 'K', 'PREMIUM', 14, 399),
	(2594, 4, 'K', 'PREMIUM', 14, 399),
	(2595, 5, 'K', 'PREMIUM', 14, 399),
	(2596, 6, 'K', 'PREMIUM', 14, 399),
	(2597, 7, 'K', 'PREMIUM', 14, 399),
	(2598, 8, 'K', 'PREMIUM', 14, 399),
	(2599, 9, 'K', 'PREMIUM', 14, 399),
	(2600, 10, 'K', 'PREMIUM', 14, 399),
	(2601, 11, 'K', 'PREMIUM', 14, 399),
	(2602, 12, 'K', 'PREMIUM', 14, 399),
	(2603, 13, 'K', 'PREMIUM', 14, 399),
	(2604, 14, 'K', 'PREMIUM', 14, 399),
	(2605, 1, 'A', 'REGULAR', 15, 249),
	(2606, 2, 'A', 'REGULAR', 15, 249),
	(2607, 3, 'A', 'REGULAR', 15, 249),
	(2608, 4, 'A', 'REGULAR', 15, 249),
	(2609, 5, 'A', 'REGULAR', 15, 249),
	(2610, 6, 'A', 'REGULAR', 15, 249),
	(2611, 7, 'A', 'REGULAR', 15, 249),
	(2612, 8, 'A', 'REGULAR', 15, 249),
	(2613, 9, 'A', 'REGULAR', 15, 249),
	(2614, 10, 'A', 'REGULAR', 15, 249),
	(2615, 11, 'A', 'REGULAR', 15, 249),
	(2616, 12, 'A', 'REGULAR', 15, 249),
	(2617, 13, 'A', 'REGULAR', 15, 249),
	(2618, 14, 'A', 'REGULAR', 15, 249),
	(2619, 15, 'A', 'REGULAR', 15, 249),
	(2620, 16, 'A', 'REGULAR', 15, 249),
	(2621, 17, 'A', 'REGULAR', 15, 249),
	(2622, 18, 'A', 'REGULAR', 15, 249),
	(2623, 19, 'A', 'REGULAR', 15, 249),
	(2624, 20, 'A', 'REGULAR', 15, 249),
	(2625, 1, 'B', 'REGULAR', 15, 249),
	(2626, 2, 'B', 'REGULAR', 15, 249),
	(2627, 3, 'B', 'REGULAR', 15, 249),
	(2628, 4, 'B', 'REGULAR', 15, 249),
	(2629, 5, 'B', 'REGULAR', 15, 249),
	(2630, 6, 'B', 'REGULAR', 15, 249),
	(2631, 7, 'B', 'REGULAR', 15, 249),
	(2632, 8, 'B', 'REGULAR', 15, 249),
	(2633, 9, 'B', 'REGULAR', 15, 249),
	(2634, 10, 'B', 'REGULAR', 15, 249),
	(2635, 11, 'B', 'REGULAR', 15, 249),
	(2636, 12, 'B', 'REGULAR', 15, 249),
	(2637, 13, 'B', 'REGULAR', 15, 249),
	(2638, 14, 'B', 'REGULAR', 15, 249),
	(2639, 15, 'B', 'REGULAR', 15, 249),
	(2640, 16, 'B', 'REGULAR', 15, 249),
	(2641, 17, 'B', 'REGULAR', 15, 249),
	(2642, 18, 'B', 'REGULAR', 15, 249),
	(2643, 19, 'B', 'REGULAR', 15, 249),
	(2644, 20, 'B', 'REGULAR', 15, 249),
	(2645, 1, 'C', 'REGULAR', 15, 249),
	(2646, 2, 'C', 'REGULAR', 15, 249),
	(2647, 3, 'C', 'REGULAR', 15, 249),
	(2648, 4, 'C', 'REGULAR', 15, 249),
	(2649, 5, 'C', 'REGULAR', 15, 249),
	(2650, 6, 'C', 'REGULAR', 15, 249),
	(2651, 7, 'C', 'REGULAR', 15, 249),
	(2652, 8, 'C', 'REGULAR', 15, 249),
	(2653, 9, 'C', 'REGULAR', 15, 249),
	(2654, 10, 'C', 'REGULAR', 15, 249),
	(2655, 11, 'C', 'REGULAR', 15, 249),
	(2656, 12, 'C', 'REGULAR', 15, 249),
	(2657, 13, 'C', 'REGULAR', 15, 249),
	(2658, 14, 'C', 'REGULAR', 15, 249),
	(2659, 15, 'C', 'REGULAR', 15, 249),
	(2660, 16, 'C', 'REGULAR', 15, 249),
	(2661, 17, 'C', 'REGULAR', 15, 249),
	(2662, 18, 'C', 'REGULAR', 15, 249),
	(2663, 19, 'C', 'REGULAR', 15, 249),
	(2664, 20, 'C', 'REGULAR', 15, 249),
	(2665, 1, 'D', 'REGULAR', 15, 249),
	(2666, 2, 'D', 'REGULAR', 15, 249),
	(2667, 3, 'D', 'REGULAR', 15, 249),
	(2668, 4, 'D', 'REGULAR', 15, 249),
	(2669, 5, 'D', 'REGULAR', 15, 249),
	(2670, 6, 'D', 'REGULAR', 15, 249),
	(2671, 7, 'D', 'REGULAR', 15, 249),
	(2672, 8, 'D', 'REGULAR', 15, 249),
	(2673, 9, 'D', 'REGULAR', 15, 249),
	(2674, 10, 'D', 'REGULAR', 15, 249),
	(2675, 11, 'D', 'REGULAR', 15, 249),
	(2676, 12, 'D', 'REGULAR', 15, 249),
	(2677, 13, 'D', 'REGULAR', 15, 249),
	(2678, 14, 'D', 'REGULAR', 15, 249),
	(2679, 15, 'D', 'REGULAR', 15, 249),
	(2680, 16, 'D', 'REGULAR', 15, 249),
	(2681, 17, 'D', 'REGULAR', 15, 249),
	(2682, 18, 'D', 'REGULAR', 15, 249),
	(2683, 19, 'D', 'REGULAR', 15, 249),
	(2684, 20, 'D', 'REGULAR', 15, 249),
	(2685, 1, 'E', 'REGULAR', 15, 249),
	(2686, 2, 'E', 'REGULAR', 15, 249),
	(2687, 3, 'E', 'REGULAR', 15, 249),
	(2688, 4, 'E', 'REGULAR', 15, 249),
	(2689, 5, 'E', 'REGULAR', 15, 249),
	(2690, 6, 'E', 'REGULAR', 15, 249),
	(2691, 7, 'E', 'REGULAR', 15, 249),
	(2692, 8, 'E', 'REGULAR', 15, 249),
	(2693, 9, 'E', 'REGULAR', 15, 249),
	(2694, 10, 'E', 'REGULAR', 15, 249),
	(2695, 11, 'E', 'REGULAR', 15, 249),
	(2696, 12, 'E', 'REGULAR', 15, 249),
	(2697, 13, 'E', 'REGULAR', 15, 249),
	(2698, 14, 'E', 'REGULAR', 15, 249),
	(2699, 15, 'E', 'REGULAR', 15, 249),
	(2700, 16, 'E', 'REGULAR', 15, 249),
	(2701, 17, 'E', 'REGULAR', 15, 249),
	(2702, 18, 'E', 'REGULAR', 15, 249),
	(2703, 19, 'E', 'REGULAR', 15, 249),
	(2704, 20, 'E', 'REGULAR', 15, 249),
	(2705, 1, 'F', 'REGULAR', 15, 249),
	(2706, 2, 'F', 'REGULAR', 15, 249),
	(2707, 3, 'F', 'REGULAR', 15, 249),
	(2708, 4, 'F', 'REGULAR', 15, 249),
	(2709, 5, 'F', 'REGULAR', 15, 249),
	(2710, 6, 'F', 'REGULAR', 15, 249),
	(2711, 7, 'F', 'REGULAR', 15, 249),
	(2712, 8, 'F', 'REGULAR', 15, 249),
	(2713, 9, 'F', 'REGULAR', 15, 249),
	(2714, 10, 'F', 'REGULAR', 15, 249),
	(2715, 11, 'F', 'REGULAR', 15, 249),
	(2716, 12, 'F', 'REGULAR', 15, 249),
	(2717, 13, 'F', 'REGULAR', 15, 249),
	(2718, 14, 'F', 'REGULAR', 15, 249),
	(2719, 15, 'F', 'REGULAR', 15, 249),
	(2720, 16, 'F', 'REGULAR', 15, 249),
	(2721, 17, 'F', 'REGULAR', 15, 249),
	(2722, 18, 'F', 'REGULAR', 15, 249),
	(2723, 19, 'F', 'REGULAR', 15, 249),
	(2724, 20, 'F', 'REGULAR', 15, 249),
	(2725, 1, 'G', 'REGULAR', 15, 249),
	(2726, 2, 'G', 'REGULAR', 15, 249),
	(2727, 3, 'G', 'REGULAR', 15, 249),
	(2728, 4, 'G', 'REGULAR', 15, 249),
	(2729, 5, 'G', 'REGULAR', 15, 249),
	(2730, 6, 'G', 'REGULAR', 15, 249),
	(2731, 7, 'G', 'REGULAR', 15, 249),
	(2732, 8, 'G', 'REGULAR', 15, 249),
	(2733, 9, 'G', 'REGULAR', 15, 249),
	(2734, 10, 'G', 'REGULAR', 15, 249),
	(2735, 11, 'G', 'REGULAR', 15, 249),
	(2736, 12, 'G', 'REGULAR', 15, 249),
	(2737, 13, 'G', 'REGULAR', 15, 249),
	(2738, 14, 'G', 'REGULAR', 15, 249),
	(2739, 15, 'G', 'REGULAR', 15, 249),
	(2740, 16, 'G', 'REGULAR', 15, 249),
	(2741, 17, 'G', 'REGULAR', 15, 249),
	(2742, 18, 'G', 'REGULAR', 15, 249),
	(2743, 19, 'G', 'REGULAR', 15, 249),
	(2744, 20, 'G', 'REGULAR', 15, 249),
	(2745, 1, 'H', 'REGULAR', 15, 249),
	(2746, 2, 'H', 'REGULAR', 15, 249),
	(2747, 3, 'H', 'REGULAR', 15, 249),
	(2748, 4, 'H', 'REGULAR', 15, 249),
	(2749, 5, 'H', 'REGULAR', 15, 249),
	(2750, 6, 'H', 'REGULAR', 15, 249),
	(2751, 7, 'H', 'REGULAR', 15, 249),
	(2752, 8, 'H', 'REGULAR', 15, 249),
	(2753, 9, 'H', 'REGULAR', 15, 249),
	(2754, 10, 'H', 'REGULAR', 15, 249),
	(2755, 11, 'H', 'REGULAR', 15, 249),
	(2756, 12, 'H', 'REGULAR', 15, 249),
	(2757, 13, 'H', 'REGULAR', 15, 249),
	(2758, 14, 'H', 'REGULAR', 15, 249),
	(2759, 15, 'H', 'REGULAR', 15, 249),
	(2760, 16, 'H', 'REGULAR', 15, 249),
	(2761, 17, 'H', 'REGULAR', 15, 249),
	(2762, 18, 'H', 'REGULAR', 15, 249),
	(2763, 19, 'H', 'REGULAR', 15, 249),
	(2764, 20, 'H', 'REGULAR', 15, 249),
	(2765, 1, 'J', 'PREMIUM', 15, 399),
	(2766, 2, 'J', 'PREMIUM', 15, 399),
	(2767, 3, 'J', 'PREMIUM', 15, 399),
	(2768, 4, 'J', 'PREMIUM', 15, 399),
	(2769, 5, 'J', 'PREMIUM', 15, 399),
	(2770, 6, 'J', 'PREMIUM', 15, 399),
	(2771, 7, 'J', 'PREMIUM', 15, 399),
	(2772, 8, 'J', 'PREMIUM', 15, 399),
	(2773, 9, 'J', 'PREMIUM', 15, 399),
	(2774, 10, 'J', 'PREMIUM', 15, 399),
	(2775, 11, 'J', 'PREMIUM', 15, 399),
	(2776, 12, 'J', 'PREMIUM', 15, 399),
	(2777, 1, 'K', 'PREMIUM', 15, 399),
	(2778, 2, 'K', 'PREMIUM', 15, 399),
	(2779, 3, 'K', 'PREMIUM', 15, 399),
	(2780, 4, 'K', 'PREMIUM', 15, 399),
	(2781, 5, 'K', 'PREMIUM', 15, 399),
	(2782, 6, 'K', 'PREMIUM', 15, 399),
	(2783, 7, 'K', 'PREMIUM', 15, 399),
	(2784, 8, 'K', 'PREMIUM', 15, 399),
	(2785, 9, 'K', 'PREMIUM', 15, 399),
	(2786, 10, 'K', 'PREMIUM', 15, 399),
	(2787, 11, 'K', 'PREMIUM', 15, 399),
	(2788, 12, 'K', 'PREMIUM', 15, 399),
	(2789, 13, 'K', 'PREMIUM', 15, 399),
	(2790, 14, 'K', 'PREMIUM', 15, 399),
	(2791, 1, 'A', 'REGULAR', 16, 249),
	(2792, 2, 'A', 'REGULAR', 16, 249),
	(2793, 3, 'A', 'REGULAR', 16, 249),
	(2794, 4, 'A', 'REGULAR', 16, 249),
	(2795, 5, 'A', 'REGULAR', 16, 249),
	(2796, 6, 'A', 'REGULAR', 16, 249),
	(2797, 7, 'A', 'REGULAR', 16, 249),
	(2798, 8, 'A', 'REGULAR', 16, 249),
	(2799, 9, 'A', 'REGULAR', 16, 249),
	(2800, 10, 'A', 'REGULAR', 16, 249),
	(2801, 11, 'A', 'REGULAR', 16, 249),
	(2802, 12, 'A', 'REGULAR', 16, 249),
	(2803, 13, 'A', 'REGULAR', 16, 249),
	(2804, 14, 'A', 'REGULAR', 16, 249),
	(2805, 15, 'A', 'REGULAR', 16, 249),
	(2806, 16, 'A', 'REGULAR', 16, 249),
	(2807, 17, 'A', 'REGULAR', 16, 249),
	(2808, 18, 'A', 'REGULAR', 16, 249),
	(2809, 19, 'A', 'REGULAR', 16, 249),
	(2810, 20, 'A', 'REGULAR', 16, 249),
	(2811, 1, 'B', 'REGULAR', 16, 249),
	(2812, 2, 'B', 'REGULAR', 16, 249),
	(2813, 3, 'B', 'REGULAR', 16, 249),
	(2814, 4, 'B', 'REGULAR', 16, 249),
	(2815, 5, 'B', 'REGULAR', 16, 249),
	(2816, 6, 'B', 'REGULAR', 16, 249),
	(2817, 7, 'B', 'REGULAR', 16, 249),
	(2818, 8, 'B', 'REGULAR', 16, 249),
	(2819, 9, 'B', 'REGULAR', 16, 249),
	(2820, 10, 'B', 'REGULAR', 16, 249),
	(2821, 11, 'B', 'REGULAR', 16, 249),
	(2822, 12, 'B', 'REGULAR', 16, 249),
	(2823, 13, 'B', 'REGULAR', 16, 249),
	(2824, 14, 'B', 'REGULAR', 16, 249),
	(2825, 15, 'B', 'REGULAR', 16, 249),
	(2826, 16, 'B', 'REGULAR', 16, 249),
	(2827, 17, 'B', 'REGULAR', 16, 249),
	(2828, 18, 'B', 'REGULAR', 16, 249),
	(2829, 19, 'B', 'REGULAR', 16, 249),
	(2830, 20, 'B', 'REGULAR', 16, 249),
	(2831, 1, 'C', 'REGULAR', 16, 249),
	(2832, 2, 'C', 'REGULAR', 16, 249),
	(2833, 3, 'C', 'REGULAR', 16, 249),
	(2834, 4, 'C', 'REGULAR', 16, 249),
	(2835, 5, 'C', 'REGULAR', 16, 249),
	(2836, 6, 'C', 'REGULAR', 16, 249),
	(2837, 7, 'C', 'REGULAR', 16, 249),
	(2838, 8, 'C', 'REGULAR', 16, 249),
	(2839, 9, 'C', 'REGULAR', 16, 249),
	(2840, 10, 'C', 'REGULAR', 16, 249),
	(2841, 11, 'C', 'REGULAR', 16, 249),
	(2842, 12, 'C', 'REGULAR', 16, 249),
	(2843, 13, 'C', 'REGULAR', 16, 249),
	(2844, 14, 'C', 'REGULAR', 16, 249),
	(2845, 15, 'C', 'REGULAR', 16, 249),
	(2846, 16, 'C', 'REGULAR', 16, 249),
	(2847, 17, 'C', 'REGULAR', 16, 249),
	(2848, 18, 'C', 'REGULAR', 16, 249),
	(2849, 19, 'C', 'REGULAR', 16, 249),
	(2850, 20, 'C', 'REGULAR', 16, 249),
	(2851, 1, 'D', 'REGULAR', 16, 249),
	(2852, 2, 'D', 'REGULAR', 16, 249),
	(2853, 3, 'D', 'REGULAR', 16, 249),
	(2854, 4, 'D', 'REGULAR', 16, 249),
	(2855, 5, 'D', 'REGULAR', 16, 249),
	(2856, 6, 'D', 'REGULAR', 16, 249),
	(2857, 7, 'D', 'REGULAR', 16, 249),
	(2858, 8, 'D', 'REGULAR', 16, 249),
	(2859, 9, 'D', 'REGULAR', 16, 249),
	(2860, 10, 'D', 'REGULAR', 16, 249),
	(2861, 11, 'D', 'REGULAR', 16, 249),
	(2862, 12, 'D', 'REGULAR', 16, 249),
	(2863, 13, 'D', 'REGULAR', 16, 249),
	(2864, 14, 'D', 'REGULAR', 16, 249),
	(2865, 15, 'D', 'REGULAR', 16, 249),
	(2866, 16, 'D', 'REGULAR', 16, 249),
	(2867, 17, 'D', 'REGULAR', 16, 249),
	(2868, 18, 'D', 'REGULAR', 16, 249),
	(2869, 19, 'D', 'REGULAR', 16, 249),
	(2870, 20, 'D', 'REGULAR', 16, 249),
	(2871, 1, 'E', 'REGULAR', 16, 249),
	(2872, 2, 'E', 'REGULAR', 16, 249),
	(2873, 3, 'E', 'REGULAR', 16, 249),
	(2874, 4, 'E', 'REGULAR', 16, 249),
	(2875, 5, 'E', 'REGULAR', 16, 249),
	(2876, 6, 'E', 'REGULAR', 16, 249),
	(2877, 7, 'E', 'REGULAR', 16, 249),
	(2878, 8, 'E', 'REGULAR', 16, 249),
	(2879, 9, 'E', 'REGULAR', 16, 249),
	(2880, 10, 'E', 'REGULAR', 16, 249),
	(2881, 11, 'E', 'REGULAR', 16, 249),
	(2882, 12, 'E', 'REGULAR', 16, 249),
	(2883, 13, 'E', 'REGULAR', 16, 249),
	(2884, 14, 'E', 'REGULAR', 16, 249),
	(2885, 15, 'E', 'REGULAR', 16, 249),
	(2886, 16, 'E', 'REGULAR', 16, 249),
	(2887, 17, 'E', 'REGULAR', 16, 249),
	(2888, 18, 'E', 'REGULAR', 16, 249),
	(2889, 19, 'E', 'REGULAR', 16, 249),
	(2890, 20, 'E', 'REGULAR', 16, 249),
	(2891, 1, 'F', 'REGULAR', 16, 249),
	(2892, 2, 'F', 'REGULAR', 16, 249),
	(2893, 3, 'F', 'REGULAR', 16, 249),
	(2894, 4, 'F', 'REGULAR', 16, 249),
	(2895, 5, 'F', 'REGULAR', 16, 249),
	(2896, 6, 'F', 'REGULAR', 16, 249),
	(2897, 7, 'F', 'REGULAR', 16, 249),
	(2898, 8, 'F', 'REGULAR', 16, 249),
	(2899, 9, 'F', 'REGULAR', 16, 249),
	(2900, 10, 'F', 'REGULAR', 16, 249),
	(2901, 11, 'F', 'REGULAR', 16, 249),
	(2902, 12, 'F', 'REGULAR', 16, 249),
	(2903, 13, 'F', 'REGULAR', 16, 249),
	(2904, 14, 'F', 'REGULAR', 16, 249),
	(2905, 15, 'F', 'REGULAR', 16, 249),
	(2906, 16, 'F', 'REGULAR', 16, 249),
	(2907, 17, 'F', 'REGULAR', 16, 249),
	(2908, 18, 'F', 'REGULAR', 16, 249),
	(2909, 19, 'F', 'REGULAR', 16, 249),
	(2910, 20, 'F', 'REGULAR', 16, 249),
	(2911, 1, 'G', 'REGULAR', 16, 249),
	(2912, 2, 'G', 'REGULAR', 16, 249),
	(2913, 3, 'G', 'REGULAR', 16, 249),
	(2914, 4, 'G', 'REGULAR', 16, 249),
	(2915, 5, 'G', 'REGULAR', 16, 249),
	(2916, 6, 'G', 'REGULAR', 16, 249),
	(2917, 7, 'G', 'REGULAR', 16, 249),
	(2918, 8, 'G', 'REGULAR', 16, 249),
	(2919, 9, 'G', 'REGULAR', 16, 249),
	(2920, 10, 'G', 'REGULAR', 16, 249),
	(2921, 11, 'G', 'REGULAR', 16, 249),
	(2922, 12, 'G', 'REGULAR', 16, 249),
	(2923, 13, 'G', 'REGULAR', 16, 249),
	(2924, 14, 'G', 'REGULAR', 16, 249),
	(2925, 15, 'G', 'REGULAR', 16, 249),
	(2926, 16, 'G', 'REGULAR', 16, 249),
	(2927, 17, 'G', 'REGULAR', 16, 249),
	(2928, 18, 'G', 'REGULAR', 16, 249),
	(2929, 19, 'G', 'REGULAR', 16, 249),
	(2930, 20, 'G', 'REGULAR', 16, 249),
	(2931, 1, 'H', 'REGULAR', 16, 249),
	(2932, 2, 'H', 'REGULAR', 16, 249),
	(2933, 3, 'H', 'REGULAR', 16, 249),
	(2934, 4, 'H', 'REGULAR', 16, 249),
	(2935, 5, 'H', 'REGULAR', 16, 249),
	(2936, 6, 'H', 'REGULAR', 16, 249),
	(2937, 7, 'H', 'REGULAR', 16, 249),
	(2938, 8, 'H', 'REGULAR', 16, 249),
	(2939, 9, 'H', 'REGULAR', 16, 249),
	(2940, 10, 'H', 'REGULAR', 16, 249),
	(2941, 11, 'H', 'REGULAR', 16, 249),
	(2942, 12, 'H', 'REGULAR', 16, 249),
	(2943, 13, 'H', 'REGULAR', 16, 249),
	(2944, 14, 'H', 'REGULAR', 16, 249),
	(2945, 15, 'H', 'REGULAR', 16, 249),
	(2946, 16, 'H', 'REGULAR', 16, 249),
	(2947, 17, 'H', 'REGULAR', 16, 249),
	(2948, 18, 'H', 'REGULAR', 16, 249),
	(2949, 19, 'H', 'REGULAR', 16, 249),
	(2950, 20, 'H', 'REGULAR', 16, 249),
	(2951, 1, 'J', 'PREMIUM', 16, 399),
	(2952, 2, 'J', 'PREMIUM', 16, 399),
	(2953, 3, 'J', 'PREMIUM', 16, 399),
	(2954, 4, 'J', 'PREMIUM', 16, 399),
	(2955, 5, 'J', 'PREMIUM', 16, 399),
	(2956, 6, 'J', 'PREMIUM', 16, 399),
	(2957, 7, 'J', 'PREMIUM', 16, 399),
	(2958, 8, 'J', 'PREMIUM', 16, 399),
	(2959, 9, 'J', 'PREMIUM', 16, 399),
	(2960, 10, 'J', 'PREMIUM', 16, 399),
	(2961, 11, 'J', 'PREMIUM', 16, 399),
	(2962, 12, 'J', 'PREMIUM', 16, 399),
	(2963, 1, 'K', 'PREMIUM', 16, 399),
	(2964, 2, 'K', 'PREMIUM', 16, 399),
	(2965, 3, 'K', 'PREMIUM', 16, 399),
	(2966, 4, 'K', 'PREMIUM', 16, 399),
	(2967, 5, 'K', 'PREMIUM', 16, 399),
	(2968, 6, 'K', 'PREMIUM', 16, 399),
	(2969, 7, 'K', 'PREMIUM', 16, 399),
	(2970, 8, 'K', 'PREMIUM', 16, 399),
	(2971, 9, 'K', 'PREMIUM', 16, 399),
	(2972, 10, 'K', 'PREMIUM', 16, 399),
	(2973, 11, 'K', 'PREMIUM', 16, 399),
	(2974, 12, 'K', 'PREMIUM', 16, 399),
	(2975, 13, 'K', 'PREMIUM', 16, 399),
	(2976, 14, 'K', 'PREMIUM', 16, 399),
	(2977, 1, 'A', 'REGULAR', 17, 249),
	(2978, 2, 'A', 'REGULAR', 17, 249),
	(2979, 3, 'A', 'REGULAR', 17, 249),
	(2980, 4, 'A', 'REGULAR', 17, 249),
	(2981, 5, 'A', 'REGULAR', 17, 249),
	(2982, 6, 'A', 'REGULAR', 17, 249),
	(2983, 7, 'A', 'REGULAR', 17, 249),
	(2984, 8, 'A', 'REGULAR', 17, 249),
	(2985, 9, 'A', 'REGULAR', 17, 249),
	(2986, 10, 'A', 'REGULAR', 17, 249),
	(2987, 11, 'A', 'REGULAR', 17, 249),
	(2988, 12, 'A', 'REGULAR', 17, 249),
	(2989, 13, 'A', 'REGULAR', 17, 249),
	(2990, 14, 'A', 'REGULAR', 17, 249),
	(2991, 15, 'A', 'REGULAR', 17, 249),
	(2992, 16, 'A', 'REGULAR', 17, 249),
	(2993, 17, 'A', 'REGULAR', 17, 249),
	(2994, 18, 'A', 'REGULAR', 17, 249),
	(2995, 19, 'A', 'REGULAR', 17, 249),
	(2996, 20, 'A', 'REGULAR', 17, 249),
	(2997, 1, 'B', 'REGULAR', 17, 249),
	(2998, 2, 'B', 'REGULAR', 17, 249),
	(2999, 3, 'B', 'REGULAR', 17, 249),
	(3000, 4, 'B', 'REGULAR', 17, 249),
	(3001, 5, 'B', 'REGULAR', 17, 249),
	(3002, 6, 'B', 'REGULAR', 17, 249),
	(3003, 7, 'B', 'REGULAR', 17, 249),
	(3004, 8, 'B', 'REGULAR', 17, 249),
	(3005, 9, 'B', 'REGULAR', 17, 249),
	(3006, 10, 'B', 'REGULAR', 17, 249),
	(3007, 11, 'B', 'REGULAR', 17, 249),
	(3008, 12, 'B', 'REGULAR', 17, 249),
	(3009, 13, 'B', 'REGULAR', 17, 249),
	(3010, 14, 'B', 'REGULAR', 17, 249),
	(3011, 15, 'B', 'REGULAR', 17, 249),
	(3012, 16, 'B', 'REGULAR', 17, 249),
	(3013, 17, 'B', 'REGULAR', 17, 249),
	(3014, 18, 'B', 'REGULAR', 17, 249),
	(3015, 19, 'B', 'REGULAR', 17, 249),
	(3016, 20, 'B', 'REGULAR', 17, 249),
	(3017, 1, 'C', 'REGULAR', 17, 249),
	(3018, 2, 'C', 'REGULAR', 17, 249),
	(3019, 3, 'C', 'REGULAR', 17, 249),
	(3020, 4, 'C', 'REGULAR', 17, 249),
	(3021, 5, 'C', 'REGULAR', 17, 249),
	(3022, 6, 'C', 'REGULAR', 17, 249),
	(3023, 7, 'C', 'REGULAR', 17, 249),
	(3024, 8, 'C', 'REGULAR', 17, 249),
	(3025, 9, 'C', 'REGULAR', 17, 249),
	(3026, 10, 'C', 'REGULAR', 17, 249),
	(3027, 11, 'C', 'REGULAR', 17, 249),
	(3028, 12, 'C', 'REGULAR', 17, 249),
	(3029, 13, 'C', 'REGULAR', 17, 249),
	(3030, 14, 'C', 'REGULAR', 17, 249),
	(3031, 15, 'C', 'REGULAR', 17, 249),
	(3032, 16, 'C', 'REGULAR', 17, 249),
	(3033, 17, 'C', 'REGULAR', 17, 249),
	(3034, 18, 'C', 'REGULAR', 17, 249),
	(3035, 19, 'C', 'REGULAR', 17, 249),
	(3036, 20, 'C', 'REGULAR', 17, 249),
	(3037, 1, 'D', 'REGULAR', 17, 249),
	(3038, 2, 'D', 'REGULAR', 17, 249),
	(3039, 3, 'D', 'REGULAR', 17, 249),
	(3040, 4, 'D', 'REGULAR', 17, 249),
	(3041, 5, 'D', 'REGULAR', 17, 249),
	(3042, 6, 'D', 'REGULAR', 17, 249),
	(3043, 7, 'D', 'REGULAR', 17, 249),
	(3044, 8, 'D', 'REGULAR', 17, 249),
	(3045, 9, 'D', 'REGULAR', 17, 249),
	(3046, 10, 'D', 'REGULAR', 17, 249),
	(3047, 11, 'D', 'REGULAR', 17, 249),
	(3048, 12, 'D', 'REGULAR', 17, 249),
	(3049, 13, 'D', 'REGULAR', 17, 249),
	(3050, 14, 'D', 'REGULAR', 17, 249),
	(3051, 15, 'D', 'REGULAR', 17, 249),
	(3052, 16, 'D', 'REGULAR', 17, 249),
	(3053, 17, 'D', 'REGULAR', 17, 249),
	(3054, 18, 'D', 'REGULAR', 17, 249),
	(3055, 19, 'D', 'REGULAR', 17, 249),
	(3056, 20, 'D', 'REGULAR', 17, 249),
	(3057, 1, 'E', 'REGULAR', 17, 249),
	(3058, 2, 'E', 'REGULAR', 17, 249),
	(3059, 3, 'E', 'REGULAR', 17, 249),
	(3060, 4, 'E', 'REGULAR', 17, 249),
	(3061, 5, 'E', 'REGULAR', 17, 249),
	(3062, 6, 'E', 'REGULAR', 17, 249),
	(3063, 7, 'E', 'REGULAR', 17, 249),
	(3064, 8, 'E', 'REGULAR', 17, 249),
	(3065, 9, 'E', 'REGULAR', 17, 249),
	(3066, 10, 'E', 'REGULAR', 17, 249),
	(3067, 11, 'E', 'REGULAR', 17, 249),
	(3068, 12, 'E', 'REGULAR', 17, 249),
	(3069, 13, 'E', 'REGULAR', 17, 249),
	(3070, 14, 'E', 'REGULAR', 17, 249),
	(3071, 15, 'E', 'REGULAR', 17, 249),
	(3072, 16, 'E', 'REGULAR', 17, 249),
	(3073, 17, 'E', 'REGULAR', 17, 249),
	(3074, 18, 'E', 'REGULAR', 17, 249),
	(3075, 19, 'E', 'REGULAR', 17, 249),
	(3076, 20, 'E', 'REGULAR', 17, 249),
	(3077, 1, 'F', 'REGULAR', 17, 249),
	(3078, 2, 'F', 'REGULAR', 17, 249),
	(3079, 3, 'F', 'REGULAR', 17, 249),
	(3080, 4, 'F', 'REGULAR', 17, 249),
	(3081, 5, 'F', 'REGULAR', 17, 249),
	(3082, 6, 'F', 'REGULAR', 17, 249),
	(3083, 7, 'F', 'REGULAR', 17, 249),
	(3084, 8, 'F', 'REGULAR', 17, 249),
	(3085, 9, 'F', 'REGULAR', 17, 249),
	(3086, 10, 'F', 'REGULAR', 17, 249),
	(3087, 11, 'F', 'REGULAR', 17, 249),
	(3088, 12, 'F', 'REGULAR', 17, 249),
	(3089, 13, 'F', 'REGULAR', 17, 249),
	(3090, 14, 'F', 'REGULAR', 17, 249),
	(3091, 15, 'F', 'REGULAR', 17, 249),
	(3092, 16, 'F', 'REGULAR', 17, 249),
	(3093, 17, 'F', 'REGULAR', 17, 249),
	(3094, 18, 'F', 'REGULAR', 17, 249),
	(3095, 19, 'F', 'REGULAR', 17, 249),
	(3096, 20, 'F', 'REGULAR', 17, 249),
	(3097, 1, 'G', 'REGULAR', 17, 249),
	(3098, 2, 'G', 'REGULAR', 17, 249),
	(3099, 3, 'G', 'REGULAR', 17, 249),
	(3100, 4, 'G', 'REGULAR', 17, 249),
	(3101, 5, 'G', 'REGULAR', 17, 249),
	(3102, 6, 'G', 'REGULAR', 17, 249),
	(3103, 7, 'G', 'REGULAR', 17, 249),
	(3104, 8, 'G', 'REGULAR', 17, 249),
	(3105, 9, 'G', 'REGULAR', 17, 249),
	(3106, 10, 'G', 'REGULAR', 17, 249),
	(3107, 11, 'G', 'REGULAR', 17, 249),
	(3108, 12, 'G', 'REGULAR', 17, 249),
	(3109, 13, 'G', 'REGULAR', 17, 249),
	(3110, 14, 'G', 'REGULAR', 17, 249),
	(3111, 15, 'G', 'REGULAR', 17, 249),
	(3112, 16, 'G', 'REGULAR', 17, 249),
	(3113, 17, 'G', 'REGULAR', 17, 249),
	(3114, 18, 'G', 'REGULAR', 17, 249),
	(3115, 19, 'G', 'REGULAR', 17, 249),
	(3116, 20, 'G', 'REGULAR', 17, 249),
	(3117, 1, 'H', 'REGULAR', 17, 249),
	(3118, 2, 'H', 'REGULAR', 17, 249),
	(3119, 3, 'H', 'REGULAR', 17, 249),
	(3120, 4, 'H', 'REGULAR', 17, 249),
	(3121, 5, 'H', 'REGULAR', 17, 249),
	(3122, 6, 'H', 'REGULAR', 17, 249),
	(3123, 7, 'H', 'REGULAR', 17, 249),
	(3124, 8, 'H', 'REGULAR', 17, 249),
	(3125, 9, 'H', 'REGULAR', 17, 249),
	(3126, 10, 'H', 'REGULAR', 17, 249),
	(3127, 11, 'H', 'REGULAR', 17, 249),
	(3128, 12, 'H', 'REGULAR', 17, 249),
	(3129, 13, 'H', 'REGULAR', 17, 249),
	(3130, 14, 'H', 'REGULAR', 17, 249),
	(3131, 15, 'H', 'REGULAR', 17, 249),
	(3132, 16, 'H', 'REGULAR', 17, 249),
	(3133, 17, 'H', 'REGULAR', 17, 249),
	(3134, 18, 'H', 'REGULAR', 17, 249),
	(3135, 19, 'H', 'REGULAR', 17, 249),
	(3136, 20, 'H', 'REGULAR', 17, 249),
	(3137, 1, 'J', 'PREMIUM', 17, 399),
	(3138, 2, 'J', 'PREMIUM', 17, 399),
	(3139, 3, 'J', 'PREMIUM', 17, 399),
	(3140, 4, 'J', 'PREMIUM', 17, 399),
	(3141, 5, 'J', 'PREMIUM', 17, 399),
	(3142, 6, 'J', 'PREMIUM', 17, 399),
	(3143, 7, 'J', 'PREMIUM', 17, 399),
	(3144, 8, 'J', 'PREMIUM', 17, 399),
	(3145, 9, 'J', 'PREMIUM', 17, 399),
	(3146, 10, 'J', 'PREMIUM', 17, 399),
	(3147, 11, 'J', 'PREMIUM', 17, 399),
	(3148, 12, 'J', 'PREMIUM', 17, 399),
	(3149, 1, 'K', 'PREMIUM', 17, 399),
	(3150, 2, 'K', 'PREMIUM', 17, 399),
	(3151, 3, 'K', 'PREMIUM', 17, 399),
	(3152, 4, 'K', 'PREMIUM', 17, 399),
	(3153, 5, 'K', 'PREMIUM', 17, 399),
	(3154, 6, 'K', 'PREMIUM', 17, 399),
	(3155, 7, 'K', 'PREMIUM', 17, 399),
	(3156, 8, 'K', 'PREMIUM', 17, 399),
	(3157, 9, 'K', 'PREMIUM', 17, 399),
	(3158, 10, 'K', 'PREMIUM', 17, 399),
	(3159, 11, 'K', 'PREMIUM', 17, 399),
	(3160, 12, 'K', 'PREMIUM', 17, 399),
	(3161, 13, 'K', 'PREMIUM', 17, 399),
	(3162, 14, 'K', 'PREMIUM', 17, 399),
	(3163, 1, 'A', 'REGULAR', 18, 249),
	(3164, 2, 'A', 'REGULAR', 18, 249),
	(3165, 3, 'A', 'REGULAR', 18, 249),
	(3166, 4, 'A', 'REGULAR', 18, 249),
	(3167, 5, 'A', 'REGULAR', 18, 249),
	(3168, 6, 'A', 'REGULAR', 18, 249),
	(3169, 7, 'A', 'REGULAR', 18, 249),
	(3170, 8, 'A', 'REGULAR', 18, 249),
	(3171, 9, 'A', 'REGULAR', 18, 249),
	(3172, 10, 'A', 'REGULAR', 18, 249),
	(3173, 11, 'A', 'REGULAR', 18, 249),
	(3174, 12, 'A', 'REGULAR', 18, 249),
	(3175, 13, 'A', 'REGULAR', 18, 249),
	(3176, 14, 'A', 'REGULAR', 18, 249),
	(3177, 15, 'A', 'REGULAR', 18, 249),
	(3178, 16, 'A', 'REGULAR', 18, 249),
	(3179, 17, 'A', 'REGULAR', 18, 249),
	(3180, 18, 'A', 'REGULAR', 18, 249),
	(3181, 19, 'A', 'REGULAR', 18, 249),
	(3182, 20, 'A', 'REGULAR', 18, 249),
	(3183, 1, 'B', 'REGULAR', 18, 249),
	(3184, 2, 'B', 'REGULAR', 18, 249),
	(3185, 3, 'B', 'REGULAR', 18, 249),
	(3186, 4, 'B', 'REGULAR', 18, 249),
	(3187, 5, 'B', 'REGULAR', 18, 249),
	(3188, 6, 'B', 'REGULAR', 18, 249),
	(3189, 7, 'B', 'REGULAR', 18, 249),
	(3190, 8, 'B', 'REGULAR', 18, 249),
	(3191, 9, 'B', 'REGULAR', 18, 249),
	(3192, 10, 'B', 'REGULAR', 18, 249),
	(3193, 11, 'B', 'REGULAR', 18, 249),
	(3194, 12, 'B', 'REGULAR', 18, 249),
	(3195, 13, 'B', 'REGULAR', 18, 249),
	(3196, 14, 'B', 'REGULAR', 18, 249),
	(3197, 15, 'B', 'REGULAR', 18, 249),
	(3198, 16, 'B', 'REGULAR', 18, 249),
	(3199, 17, 'B', 'REGULAR', 18, 249),
	(3200, 18, 'B', 'REGULAR', 18, 249),
	(3201, 19, 'B', 'REGULAR', 18, 249),
	(3202, 20, 'B', 'REGULAR', 18, 249),
	(3203, 1, 'C', 'REGULAR', 18, 249),
	(3204, 2, 'C', 'REGULAR', 18, 249),
	(3205, 3, 'C', 'REGULAR', 18, 249),
	(3206, 4, 'C', 'REGULAR', 18, 249),
	(3207, 5, 'C', 'REGULAR', 18, 249),
	(3208, 6, 'C', 'REGULAR', 18, 249),
	(3209, 7, 'C', 'REGULAR', 18, 249),
	(3210, 8, 'C', 'REGULAR', 18, 249),
	(3211, 9, 'C', 'REGULAR', 18, 249),
	(3212, 10, 'C', 'REGULAR', 18, 249),
	(3213, 11, 'C', 'REGULAR', 18, 249),
	(3214, 12, 'C', 'REGULAR', 18, 249),
	(3215, 13, 'C', 'REGULAR', 18, 249),
	(3216, 14, 'C', 'REGULAR', 18, 249),
	(3217, 15, 'C', 'REGULAR', 18, 249),
	(3218, 16, 'C', 'REGULAR', 18, 249),
	(3219, 17, 'C', 'REGULAR', 18, 249),
	(3220, 18, 'C', 'REGULAR', 18, 249),
	(3221, 19, 'C', 'REGULAR', 18, 249),
	(3222, 20, 'C', 'REGULAR', 18, 249),
	(3223, 1, 'D', 'REGULAR', 18, 249),
	(3224, 2, 'D', 'REGULAR', 18, 249),
	(3225, 3, 'D', 'REGULAR', 18, 249),
	(3226, 4, 'D', 'REGULAR', 18, 249),
	(3227, 5, 'D', 'REGULAR', 18, 249),
	(3228, 6, 'D', 'REGULAR', 18, 249),
	(3229, 7, 'D', 'REGULAR', 18, 249),
	(3230, 8, 'D', 'REGULAR', 18, 249),
	(3231, 9, 'D', 'REGULAR', 18, 249),
	(3232, 10, 'D', 'REGULAR', 18, 249),
	(3233, 11, 'D', 'REGULAR', 18, 249),
	(3234, 12, 'D', 'REGULAR', 18, 249),
	(3235, 13, 'D', 'REGULAR', 18, 249),
	(3236, 14, 'D', 'REGULAR', 18, 249),
	(3237, 15, 'D', 'REGULAR', 18, 249),
	(3238, 16, 'D', 'REGULAR', 18, 249),
	(3239, 17, 'D', 'REGULAR', 18, 249),
	(3240, 18, 'D', 'REGULAR', 18, 249),
	(3241, 19, 'D', 'REGULAR', 18, 249),
	(3242, 20, 'D', 'REGULAR', 18, 249),
	(3243, 1, 'E', 'REGULAR', 18, 249),
	(3244, 2, 'E', 'REGULAR', 18, 249),
	(3245, 3, 'E', 'REGULAR', 18, 249),
	(3246, 4, 'E', 'REGULAR', 18, 249),
	(3247, 5, 'E', 'REGULAR', 18, 249),
	(3248, 6, 'E', 'REGULAR', 18, 249),
	(3249, 7, 'E', 'REGULAR', 18, 249),
	(3250, 8, 'E', 'REGULAR', 18, 249),
	(3251, 9, 'E', 'REGULAR', 18, 249),
	(3252, 10, 'E', 'REGULAR', 18, 249),
	(3253, 11, 'E', 'REGULAR', 18, 249),
	(3254, 12, 'E', 'REGULAR', 18, 249),
	(3255, 13, 'E', 'REGULAR', 18, 249),
	(3256, 14, 'E', 'REGULAR', 18, 249),
	(3257, 15, 'E', 'REGULAR', 18, 249),
	(3258, 16, 'E', 'REGULAR', 18, 249),
	(3259, 17, 'E', 'REGULAR', 18, 249),
	(3260, 18, 'E', 'REGULAR', 18, 249),
	(3261, 19, 'E', 'REGULAR', 18, 249),
	(3262, 20, 'E', 'REGULAR', 18, 249),
	(3263, 1, 'F', 'REGULAR', 18, 249),
	(3264, 2, 'F', 'REGULAR', 18, 249),
	(3265, 3, 'F', 'REGULAR', 18, 249),
	(3266, 4, 'F', 'REGULAR', 18, 249),
	(3267, 5, 'F', 'REGULAR', 18, 249),
	(3268, 6, 'F', 'REGULAR', 18, 249),
	(3269, 7, 'F', 'REGULAR', 18, 249),
	(3270, 8, 'F', 'REGULAR', 18, 249),
	(3271, 9, 'F', 'REGULAR', 18, 249),
	(3272, 10, 'F', 'REGULAR', 18, 249),
	(3273, 11, 'F', 'REGULAR', 18, 249),
	(3274, 12, 'F', 'REGULAR', 18, 249),
	(3275, 13, 'F', 'REGULAR', 18, 249),
	(3276, 14, 'F', 'REGULAR', 18, 249),
	(3277, 15, 'F', 'REGULAR', 18, 249),
	(3278, 16, 'F', 'REGULAR', 18, 249),
	(3279, 17, 'F', 'REGULAR', 18, 249),
	(3280, 18, 'F', 'REGULAR', 18, 249),
	(3281, 19, 'F', 'REGULAR', 18, 249),
	(3282, 20, 'F', 'REGULAR', 18, 249),
	(3283, 1, 'G', 'REGULAR', 18, 249),
	(3284, 2, 'G', 'REGULAR', 18, 249),
	(3285, 3, 'G', 'REGULAR', 18, 249),
	(3286, 4, 'G', 'REGULAR', 18, 249),
	(3287, 5, 'G', 'REGULAR', 18, 249),
	(3288, 6, 'G', 'REGULAR', 18, 249),
	(3289, 7, 'G', 'REGULAR', 18, 249),
	(3290, 8, 'G', 'REGULAR', 18, 249),
	(3291, 9, 'G', 'REGULAR', 18, 249),
	(3292, 10, 'G', 'REGULAR', 18, 249),
	(3293, 11, 'G', 'REGULAR', 18, 249),
	(3294, 12, 'G', 'REGULAR', 18, 249),
	(3295, 13, 'G', 'REGULAR', 18, 249),
	(3296, 14, 'G', 'REGULAR', 18, 249),
	(3297, 15, 'G', 'REGULAR', 18, 249),
	(3298, 16, 'G', 'REGULAR', 18, 249),
	(3299, 17, 'G', 'REGULAR', 18, 249),
	(3300, 18, 'G', 'REGULAR', 18, 249),
	(3301, 19, 'G', 'REGULAR', 18, 249),
	(3302, 20, 'G', 'REGULAR', 18, 249),
	(3303, 1, 'H', 'REGULAR', 18, 249),
	(3304, 2, 'H', 'REGULAR', 18, 249),
	(3305, 3, 'H', 'REGULAR', 18, 249),
	(3306, 4, 'H', 'REGULAR', 18, 249),
	(3307, 5, 'H', 'REGULAR', 18, 249),
	(3308, 6, 'H', 'REGULAR', 18, 249),
	(3309, 7, 'H', 'REGULAR', 18, 249),
	(3310, 8, 'H', 'REGULAR', 18, 249),
	(3311, 9, 'H', 'REGULAR', 18, 249),
	(3312, 10, 'H', 'REGULAR', 18, 249),
	(3313, 11, 'H', 'REGULAR', 18, 249),
	(3314, 12, 'H', 'REGULAR', 18, 249),
	(3315, 13, 'H', 'REGULAR', 18, 249),
	(3316, 14, 'H', 'REGULAR', 18, 249),
	(3317, 15, 'H', 'REGULAR', 18, 249),
	(3318, 16, 'H', 'REGULAR', 18, 249),
	(3319, 17, 'H', 'REGULAR', 18, 249),
	(3320, 18, 'H', 'REGULAR', 18, 249),
	(3321, 19, 'H', 'REGULAR', 18, 249),
	(3322, 20, 'H', 'REGULAR', 18, 249),
	(3323, 1, 'J', 'PREMIUM', 18, 399),
	(3324, 2, 'J', 'PREMIUM', 18, 399),
	(3325, 3, 'J', 'PREMIUM', 18, 399),
	(3326, 4, 'J', 'PREMIUM', 18, 399),
	(3327, 5, 'J', 'PREMIUM', 18, 399),
	(3328, 6, 'J', 'PREMIUM', 18, 399),
	(3329, 7, 'J', 'PREMIUM', 18, 399),
	(3330, 8, 'J', 'PREMIUM', 18, 399),
	(3331, 9, 'J', 'PREMIUM', 18, 399),
	(3332, 10, 'J', 'PREMIUM', 18, 399),
	(3333, 11, 'J', 'PREMIUM', 18, 399),
	(3334, 12, 'J', 'PREMIUM', 18, 399),
	(3335, 1, 'K', 'PREMIUM', 18, 399),
	(3336, 2, 'K', 'PREMIUM', 18, 399),
	(3337, 3, 'K', 'PREMIUM', 18, 399),
	(3338, 4, 'K', 'PREMIUM', 18, 399),
	(3339, 5, 'K', 'PREMIUM', 18, 399),
	(3340, 6, 'K', 'PREMIUM', 18, 399),
	(3341, 7, 'K', 'PREMIUM', 18, 399),
	(3342, 8, 'K', 'PREMIUM', 18, 399),
	(3343, 9, 'K', 'PREMIUM', 18, 399),
	(3344, 10, 'K', 'PREMIUM', 18, 399),
	(3345, 11, 'K', 'PREMIUM', 18, 399),
	(3346, 12, 'K', 'PREMIUM', 18, 399),
	(3347, 13, 'K', 'PREMIUM', 18, 399),
	(3348, 14, 'K', 'PREMIUM', 18, 399),
	(3349, 1, 'A', 'REGULAR', 19, 249),
	(3350, 2, 'A', 'REGULAR', 19, 249),
	(3351, 3, 'A', 'REGULAR', 19, 249),
	(3352, 4, 'A', 'REGULAR', 19, 249),
	(3353, 5, 'A', 'REGULAR', 19, 249),
	(3354, 6, 'A', 'REGULAR', 19, 249),
	(3355, 7, 'A', 'REGULAR', 19, 249),
	(3356, 8, 'A', 'REGULAR', 19, 249),
	(3357, 9, 'A', 'REGULAR', 19, 249),
	(3358, 10, 'A', 'REGULAR', 19, 249),
	(3359, 11, 'A', 'REGULAR', 19, 249),
	(3360, 12, 'A', 'REGULAR', 19, 249),
	(3361, 13, 'A', 'REGULAR', 19, 249),
	(3362, 14, 'A', 'REGULAR', 19, 249),
	(3363, 15, 'A', 'REGULAR', 19, 249),
	(3364, 16, 'A', 'REGULAR', 19, 249),
	(3365, 17, 'A', 'REGULAR', 19, 249),
	(3366, 18, 'A', 'REGULAR', 19, 249),
	(3367, 19, 'A', 'REGULAR', 19, 249),
	(3368, 20, 'A', 'REGULAR', 19, 249),
	(3369, 1, 'B', 'REGULAR', 19, 249),
	(3370, 2, 'B', 'REGULAR', 19, 249),
	(3371, 3, 'B', 'REGULAR', 19, 249),
	(3372, 4, 'B', 'REGULAR', 19, 249),
	(3373, 5, 'B', 'REGULAR', 19, 249),
	(3374, 6, 'B', 'REGULAR', 19, 249),
	(3375, 7, 'B', 'REGULAR', 19, 249),
	(3376, 8, 'B', 'REGULAR', 19, 249),
	(3377, 9, 'B', 'REGULAR', 19, 249),
	(3378, 10, 'B', 'REGULAR', 19, 249),
	(3379, 11, 'B', 'REGULAR', 19, 249),
	(3380, 12, 'B', 'REGULAR', 19, 249),
	(3381, 13, 'B', 'REGULAR', 19, 249),
	(3382, 14, 'B', 'REGULAR', 19, 249),
	(3383, 15, 'B', 'REGULAR', 19, 249),
	(3384, 16, 'B', 'REGULAR', 19, 249),
	(3385, 17, 'B', 'REGULAR', 19, 249),
	(3386, 18, 'B', 'REGULAR', 19, 249),
	(3387, 19, 'B', 'REGULAR', 19, 249),
	(3388, 20, 'B', 'REGULAR', 19, 249),
	(3389, 1, 'C', 'REGULAR', 19, 249),
	(3390, 2, 'C', 'REGULAR', 19, 249),
	(3391, 3, 'C', 'REGULAR', 19, 249),
	(3392, 4, 'C', 'REGULAR', 19, 249),
	(3393, 5, 'C', 'REGULAR', 19, 249),
	(3394, 6, 'C', 'REGULAR', 19, 249),
	(3395, 7, 'C', 'REGULAR', 19, 249),
	(3396, 8, 'C', 'REGULAR', 19, 249),
	(3397, 9, 'C', 'REGULAR', 19, 249),
	(3398, 10, 'C', 'REGULAR', 19, 249),
	(3399, 11, 'C', 'REGULAR', 19, 249),
	(3400, 12, 'C', 'REGULAR', 19, 249),
	(3401, 13, 'C', 'REGULAR', 19, 249),
	(3402, 14, 'C', 'REGULAR', 19, 249),
	(3403, 15, 'C', 'REGULAR', 19, 249),
	(3404, 16, 'C', 'REGULAR', 19, 249),
	(3405, 17, 'C', 'REGULAR', 19, 249),
	(3406, 18, 'C', 'REGULAR', 19, 249),
	(3407, 19, 'C', 'REGULAR', 19, 249),
	(3408, 20, 'C', 'REGULAR', 19, 249),
	(3409, 1, 'D', 'REGULAR', 19, 249),
	(3410, 2, 'D', 'REGULAR', 19, 249),
	(3411, 3, 'D', 'REGULAR', 19, 249),
	(3412, 4, 'D', 'REGULAR', 19, 249),
	(3413, 5, 'D', 'REGULAR', 19, 249),
	(3414, 6, 'D', 'REGULAR', 19, 249),
	(3415, 7, 'D', 'REGULAR', 19, 249),
	(3416, 8, 'D', 'REGULAR', 19, 249),
	(3417, 9, 'D', 'REGULAR', 19, 249),
	(3418, 10, 'D', 'REGULAR', 19, 249),
	(3419, 11, 'D', 'REGULAR', 19, 249),
	(3420, 12, 'D', 'REGULAR', 19, 249),
	(3421, 13, 'D', 'REGULAR', 19, 249),
	(3422, 14, 'D', 'REGULAR', 19, 249),
	(3423, 15, 'D', 'REGULAR', 19, 249),
	(3424, 16, 'D', 'REGULAR', 19, 249),
	(3425, 17, 'D', 'REGULAR', 19, 249),
	(3426, 18, 'D', 'REGULAR', 19, 249),
	(3427, 19, 'D', 'REGULAR', 19, 249),
	(3428, 20, 'D', 'REGULAR', 19, 249),
	(3429, 1, 'E', 'REGULAR', 19, 249),
	(3430, 2, 'E', 'REGULAR', 19, 249),
	(3431, 3, 'E', 'REGULAR', 19, 249),
	(3432, 4, 'E', 'REGULAR', 19, 249),
	(3433, 5, 'E', 'REGULAR', 19, 249),
	(3434, 6, 'E', 'REGULAR', 19, 249),
	(3435, 7, 'E', 'REGULAR', 19, 249),
	(3436, 8, 'E', 'REGULAR', 19, 249),
	(3437, 9, 'E', 'REGULAR', 19, 249),
	(3438, 10, 'E', 'REGULAR', 19, 249),
	(3439, 11, 'E', 'REGULAR', 19, 249),
	(3440, 12, 'E', 'REGULAR', 19, 249),
	(3441, 13, 'E', 'REGULAR', 19, 249),
	(3442, 14, 'E', 'REGULAR', 19, 249),
	(3443, 15, 'E', 'REGULAR', 19, 249),
	(3444, 16, 'E', 'REGULAR', 19, 249),
	(3445, 17, 'E', 'REGULAR', 19, 249),
	(3446, 18, 'E', 'REGULAR', 19, 249),
	(3447, 19, 'E', 'REGULAR', 19, 249),
	(3448, 20, 'E', 'REGULAR', 19, 249),
	(3449, 1, 'F', 'REGULAR', 19, 249),
	(3450, 2, 'F', 'REGULAR', 19, 249),
	(3451, 3, 'F', 'REGULAR', 19, 249),
	(3452, 4, 'F', 'REGULAR', 19, 249),
	(3453, 5, 'F', 'REGULAR', 19, 249),
	(3454, 6, 'F', 'REGULAR', 19, 249),
	(3455, 7, 'F', 'REGULAR', 19, 249),
	(3456, 8, 'F', 'REGULAR', 19, 249),
	(3457, 9, 'F', 'REGULAR', 19, 249),
	(3458, 10, 'F', 'REGULAR', 19, 249),
	(3459, 11, 'F', 'REGULAR', 19, 249),
	(3460, 12, 'F', 'REGULAR', 19, 249),
	(3461, 13, 'F', 'REGULAR', 19, 249),
	(3462, 14, 'F', 'REGULAR', 19, 249),
	(3463, 15, 'F', 'REGULAR', 19, 249),
	(3464, 16, 'F', 'REGULAR', 19, 249),
	(3465, 17, 'F', 'REGULAR', 19, 249),
	(3466, 18, 'F', 'REGULAR', 19, 249),
	(3467, 19, 'F', 'REGULAR', 19, 249),
	(3468, 20, 'F', 'REGULAR', 19, 249),
	(3469, 1, 'G', 'REGULAR', 19, 249),
	(3470, 2, 'G', 'REGULAR', 19, 249),
	(3471, 3, 'G', 'REGULAR', 19, 249),
	(3472, 4, 'G', 'REGULAR', 19, 249),
	(3473, 5, 'G', 'REGULAR', 19, 249),
	(3474, 6, 'G', 'REGULAR', 19, 249),
	(3475, 7, 'G', 'REGULAR', 19, 249),
	(3476, 8, 'G', 'REGULAR', 19, 249),
	(3477, 9, 'G', 'REGULAR', 19, 249),
	(3478, 10, 'G', 'REGULAR', 19, 249),
	(3479, 11, 'G', 'REGULAR', 19, 249),
	(3480, 12, 'G', 'REGULAR', 19, 249),
	(3481, 13, 'G', 'REGULAR', 19, 249),
	(3482, 14, 'G', 'REGULAR', 19, 249),
	(3483, 15, 'G', 'REGULAR', 19, 249),
	(3484, 16, 'G', 'REGULAR', 19, 249),
	(3485, 17, 'G', 'REGULAR', 19, 249),
	(3486, 18, 'G', 'REGULAR', 19, 249),
	(3487, 19, 'G', 'REGULAR', 19, 249),
	(3488, 20, 'G', 'REGULAR', 19, 249),
	(3489, 1, 'H', 'REGULAR', 19, 249),
	(3490, 2, 'H', 'REGULAR', 19, 249),
	(3491, 3, 'H', 'REGULAR', 19, 249),
	(3492, 4, 'H', 'REGULAR', 19, 249),
	(3493, 5, 'H', 'REGULAR', 19, 249),
	(3494, 6, 'H', 'REGULAR', 19, 249),
	(3495, 7, 'H', 'REGULAR', 19, 249),
	(3496, 8, 'H', 'REGULAR', 19, 249),
	(3497, 9, 'H', 'REGULAR', 19, 249),
	(3498, 10, 'H', 'REGULAR', 19, 249),
	(3499, 11, 'H', 'REGULAR', 19, 249),
	(3500, 12, 'H', 'REGULAR', 19, 249),
	(3501, 13, 'H', 'REGULAR', 19, 249),
	(3502, 14, 'H', 'REGULAR', 19, 249),
	(3503, 15, 'H', 'REGULAR', 19, 249),
	(3504, 16, 'H', 'REGULAR', 19, 249),
	(3505, 17, 'H', 'REGULAR', 19, 249),
	(3506, 18, 'H', 'REGULAR', 19, 249),
	(3507, 19, 'H', 'REGULAR', 19, 249),
	(3508, 20, 'H', 'REGULAR', 19, 249),
	(3509, 1, 'J', 'PREMIUM', 19, 399),
	(3510, 2, 'J', 'PREMIUM', 19, 399),
	(3511, 3, 'J', 'PREMIUM', 19, 399),
	(3512, 4, 'J', 'PREMIUM', 19, 399),
	(3513, 5, 'J', 'PREMIUM', 19, 399),
	(3514, 6, 'J', 'PREMIUM', 19, 399),
	(3515, 7, 'J', 'PREMIUM', 19, 399),
	(3516, 8, 'J', 'PREMIUM', 19, 399),
	(3517, 9, 'J', 'PREMIUM', 19, 399),
	(3518, 10, 'J', 'PREMIUM', 19, 399),
	(3519, 11, 'J', 'PREMIUM', 19, 399),
	(3520, 12, 'J', 'PREMIUM', 19, 399),
	(3521, 1, 'K', 'PREMIUM', 19, 399),
	(3522, 2, 'K', 'PREMIUM', 19, 399),
	(3523, 3, 'K', 'PREMIUM', 19, 399),
	(3524, 4, 'K', 'PREMIUM', 19, 399),
	(3525, 5, 'K', 'PREMIUM', 19, 399),
	(3526, 6, 'K', 'PREMIUM', 19, 399),
	(3527, 7, 'K', 'PREMIUM', 19, 399),
	(3528, 8, 'K', 'PREMIUM', 19, 399),
	(3529, 9, 'K', 'PREMIUM', 19, 399),
	(3530, 10, 'K', 'PREMIUM', 19, 399),
	(3531, 11, 'K', 'PREMIUM', 19, 399),
	(3532, 12, 'K', 'PREMIUM', 19, 399),
	(3533, 13, 'K', 'PREMIUM', 19, 399),
	(3534, 14, 'K', 'PREMIUM', 19, 399),
	(3535, 1, 'A', 'REGULAR', 20, 249),
	(3536, 2, 'A', 'REGULAR', 20, 249),
	(3537, 3, 'A', 'REGULAR', 20, 249),
	(3538, 4, 'A', 'REGULAR', 20, 249),
	(3539, 5, 'A', 'REGULAR', 20, 249),
	(3540, 6, 'A', 'REGULAR', 20, 249),
	(3541, 7, 'A', 'REGULAR', 20, 249),
	(3542, 8, 'A', 'REGULAR', 20, 249),
	(3543, 9, 'A', 'REGULAR', 20, 249),
	(3544, 10, 'A', 'REGULAR', 20, 249),
	(3545, 11, 'A', 'REGULAR', 20, 249),
	(3546, 12, 'A', 'REGULAR', 20, 249),
	(3547, 13, 'A', 'REGULAR', 20, 249),
	(3548, 14, 'A', 'REGULAR', 20, 249),
	(3549, 15, 'A', 'REGULAR', 20, 249),
	(3550, 16, 'A', 'REGULAR', 20, 249),
	(3551, 17, 'A', 'REGULAR', 20, 249),
	(3552, 18, 'A', 'REGULAR', 20, 249),
	(3553, 19, 'A', 'REGULAR', 20, 249),
	(3554, 20, 'A', 'REGULAR', 20, 249),
	(3555, 1, 'B', 'REGULAR', 20, 249),
	(3556, 2, 'B', 'REGULAR', 20, 249),
	(3557, 3, 'B', 'REGULAR', 20, 249),
	(3558, 4, 'B', 'REGULAR', 20, 249),
	(3559, 5, 'B', 'REGULAR', 20, 249),
	(3560, 6, 'B', 'REGULAR', 20, 249),
	(3561, 7, 'B', 'REGULAR', 20, 249),
	(3562, 8, 'B', 'REGULAR', 20, 249),
	(3563, 9, 'B', 'REGULAR', 20, 249),
	(3564, 10, 'B', 'REGULAR', 20, 249),
	(3565, 11, 'B', 'REGULAR', 20, 249),
	(3566, 12, 'B', 'REGULAR', 20, 249),
	(3567, 13, 'B', 'REGULAR', 20, 249),
	(3568, 14, 'B', 'REGULAR', 20, 249),
	(3569, 15, 'B', 'REGULAR', 20, 249),
	(3570, 16, 'B', 'REGULAR', 20, 249),
	(3571, 17, 'B', 'REGULAR', 20, 249),
	(3572, 18, 'B', 'REGULAR', 20, 249),
	(3573, 19, 'B', 'REGULAR', 20, 249),
	(3574, 20, 'B', 'REGULAR', 20, 249),
	(3575, 1, 'C', 'REGULAR', 20, 249),
	(3576, 2, 'C', 'REGULAR', 20, 249),
	(3577, 3, 'C', 'REGULAR', 20, 249),
	(3578, 4, 'C', 'REGULAR', 20, 249),
	(3579, 5, 'C', 'REGULAR', 20, 249),
	(3580, 6, 'C', 'REGULAR', 20, 249),
	(3581, 7, 'C', 'REGULAR', 20, 249),
	(3582, 8, 'C', 'REGULAR', 20, 249),
	(3583, 9, 'C', 'REGULAR', 20, 249),
	(3584, 10, 'C', 'REGULAR', 20, 249),
	(3585, 11, 'C', 'REGULAR', 20, 249),
	(3586, 12, 'C', 'REGULAR', 20, 249),
	(3587, 13, 'C', 'REGULAR', 20, 249),
	(3588, 14, 'C', 'REGULAR', 20, 249),
	(3589, 15, 'C', 'REGULAR', 20, 249),
	(3590, 16, 'C', 'REGULAR', 20, 249),
	(3591, 17, 'C', 'REGULAR', 20, 249),
	(3592, 18, 'C', 'REGULAR', 20, 249),
	(3593, 19, 'C', 'REGULAR', 20, 249),
	(3594, 20, 'C', 'REGULAR', 20, 249),
	(3595, 1, 'D', 'REGULAR', 20, 249),
	(3596, 2, 'D', 'REGULAR', 20, 249),
	(3597, 3, 'D', 'REGULAR', 20, 249),
	(3598, 4, 'D', 'REGULAR', 20, 249),
	(3599, 5, 'D', 'REGULAR', 20, 249),
	(3600, 6, 'D', 'REGULAR', 20, 249),
	(3601, 7, 'D', 'REGULAR', 20, 249),
	(3602, 8, 'D', 'REGULAR', 20, 249),
	(3603, 9, 'D', 'REGULAR', 20, 249),
	(3604, 10, 'D', 'REGULAR', 20, 249),
	(3605, 11, 'D', 'REGULAR', 20, 249),
	(3606, 12, 'D', 'REGULAR', 20, 249),
	(3607, 13, 'D', 'REGULAR', 20, 249),
	(3608, 14, 'D', 'REGULAR', 20, 249),
	(3609, 15, 'D', 'REGULAR', 20, 249),
	(3610, 16, 'D', 'REGULAR', 20, 249),
	(3611, 17, 'D', 'REGULAR', 20, 249),
	(3612, 18, 'D', 'REGULAR', 20, 249),
	(3613, 19, 'D', 'REGULAR', 20, 249),
	(3614, 20, 'D', 'REGULAR', 20, 249),
	(3615, 1, 'E', 'REGULAR', 20, 249),
	(3616, 2, 'E', 'REGULAR', 20, 249),
	(3617, 3, 'E', 'REGULAR', 20, 249),
	(3618, 4, 'E', 'REGULAR', 20, 249),
	(3619, 5, 'E', 'REGULAR', 20, 249),
	(3620, 6, 'E', 'REGULAR', 20, 249),
	(3621, 7, 'E', 'REGULAR', 20, 249),
	(3622, 8, 'E', 'REGULAR', 20, 249),
	(3623, 9, 'E', 'REGULAR', 20, 249),
	(3624, 10, 'E', 'REGULAR', 20, 249),
	(3625, 11, 'E', 'REGULAR', 20, 249),
	(3626, 12, 'E', 'REGULAR', 20, 249),
	(3627, 13, 'E', 'REGULAR', 20, 249),
	(3628, 14, 'E', 'REGULAR', 20, 249),
	(3629, 15, 'E', 'REGULAR', 20, 249),
	(3630, 16, 'E', 'REGULAR', 20, 249),
	(3631, 17, 'E', 'REGULAR', 20, 249),
	(3632, 18, 'E', 'REGULAR', 20, 249),
	(3633, 19, 'E', 'REGULAR', 20, 249),
	(3634, 20, 'E', 'REGULAR', 20, 249),
	(3635, 1, 'F', 'REGULAR', 20, 249),
	(3636, 2, 'F', 'REGULAR', 20, 249),
	(3637, 3, 'F', 'REGULAR', 20, 249),
	(3638, 4, 'F', 'REGULAR', 20, 249),
	(3639, 5, 'F', 'REGULAR', 20, 249),
	(3640, 6, 'F', 'REGULAR', 20, 249),
	(3641, 7, 'F', 'REGULAR', 20, 249),
	(3642, 8, 'F', 'REGULAR', 20, 249),
	(3643, 9, 'F', 'REGULAR', 20, 249),
	(3644, 10, 'F', 'REGULAR', 20, 249),
	(3645, 11, 'F', 'REGULAR', 20, 249),
	(3646, 12, 'F', 'REGULAR', 20, 249),
	(3647, 13, 'F', 'REGULAR', 20, 249),
	(3648, 14, 'F', 'REGULAR', 20, 249),
	(3649, 15, 'F', 'REGULAR', 20, 249),
	(3650, 16, 'F', 'REGULAR', 20, 249),
	(3651, 17, 'F', 'REGULAR', 20, 249),
	(3652, 18, 'F', 'REGULAR', 20, 249),
	(3653, 19, 'F', 'REGULAR', 20, 249),
	(3654, 20, 'F', 'REGULAR', 20, 249),
	(3655, 1, 'G', 'REGULAR', 20, 249),
	(3656, 2, 'G', 'REGULAR', 20, 249),
	(3657, 3, 'G', 'REGULAR', 20, 249),
	(3658, 4, 'G', 'REGULAR', 20, 249),
	(3659, 5, 'G', 'REGULAR', 20, 249),
	(3660, 6, 'G', 'REGULAR', 20, 249),
	(3661, 7, 'G', 'REGULAR', 20, 249),
	(3662, 8, 'G', 'REGULAR', 20, 249),
	(3663, 9, 'G', 'REGULAR', 20, 249),
	(3664, 10, 'G', 'REGULAR', 20, 249),
	(3665, 11, 'G', 'REGULAR', 20, 249),
	(3666, 12, 'G', 'REGULAR', 20, 249),
	(3667, 13, 'G', 'REGULAR', 20, 249),
	(3668, 14, 'G', 'REGULAR', 20, 249),
	(3669, 15, 'G', 'REGULAR', 20, 249),
	(3670, 16, 'G', 'REGULAR', 20, 249),
	(3671, 17, 'G', 'REGULAR', 20, 249),
	(3672, 18, 'G', 'REGULAR', 20, 249),
	(3673, 19, 'G', 'REGULAR', 20, 249),
	(3674, 20, 'G', 'REGULAR', 20, 249),
	(3675, 1, 'H', 'REGULAR', 20, 249),
	(3676, 2, 'H', 'REGULAR', 20, 249),
	(3677, 3, 'H', 'REGULAR', 20, 249),
	(3678, 4, 'H', 'REGULAR', 20, 249),
	(3679, 5, 'H', 'REGULAR', 20, 249),
	(3680, 6, 'H', 'REGULAR', 20, 249),
	(3681, 7, 'H', 'REGULAR', 20, 249),
	(3682, 8, 'H', 'REGULAR', 20, 249),
	(3683, 9, 'H', 'REGULAR', 20, 249),
	(3684, 10, 'H', 'REGULAR', 20, 249),
	(3685, 11, 'H', 'REGULAR', 20, 249),
	(3686, 12, 'H', 'REGULAR', 20, 249),
	(3687, 13, 'H', 'REGULAR', 20, 249),
	(3688, 14, 'H', 'REGULAR', 20, 249),
	(3689, 15, 'H', 'REGULAR', 20, 249),
	(3690, 16, 'H', 'REGULAR', 20, 249),
	(3691, 17, 'H', 'REGULAR', 20, 249),
	(3692, 18, 'H', 'REGULAR', 20, 249),
	(3693, 19, 'H', 'REGULAR', 20, 249),
	(3694, 20, 'H', 'REGULAR', 20, 249),
	(3695, 1, 'J', 'PREMIUM', 20, 399),
	(3696, 2, 'J', 'PREMIUM', 20, 399),
	(3697, 3, 'J', 'PREMIUM', 20, 399),
	(3698, 4, 'J', 'PREMIUM', 20, 399),
	(3699, 5, 'J', 'PREMIUM', 20, 399),
	(3700, 6, 'J', 'PREMIUM', 20, 399),
	(3701, 7, 'J', 'PREMIUM', 20, 399),
	(3702, 8, 'J', 'PREMIUM', 20, 399),
	(3703, 9, 'J', 'PREMIUM', 20, 399),
	(3704, 10, 'J', 'PREMIUM', 20, 399),
	(3705, 11, 'J', 'PREMIUM', 20, 399),
	(3706, 12, 'J', 'PREMIUM', 20, 399),
	(3707, 1, 'K', 'PREMIUM', 20, 399),
	(3708, 2, 'K', 'PREMIUM', 20, 399),
	(3709, 3, 'K', 'PREMIUM', 20, 399),
	(3710, 4, 'K', 'PREMIUM', 20, 399),
	(3711, 5, 'K', 'PREMIUM', 20, 399),
	(3712, 6, 'K', 'PREMIUM', 20, 399),
	(3713, 7, 'K', 'PREMIUM', 20, 399),
	(3714, 8, 'K', 'PREMIUM', 20, 399),
	(3715, 9, 'K', 'PREMIUM', 20, 399),
	(3716, 10, 'K', 'PREMIUM', 20, 399),
	(3717, 11, 'K', 'PREMIUM', 20, 399),
	(3718, 12, 'K', 'PREMIUM', 20, 399),
	(3719, 13, 'K', 'PREMIUM', 20, 399),
	(3720, 14, 'K', 'PREMIUM', 20, 399);

-- Dumping structure for table movie_booking_db.tb_city
CREATE TABLE IF NOT EXISTS `tb_city` (
  `id` bigint NOT NULL AUTO_INCREMENT,
  `name` varchar(255) NOT NULL,
  `state` varchar(255) NOT NULL,
  PRIMARY KEY (`id`)
) ENGINE=InnoDB AUTO_INCREMENT=6 DEFAULT CHARSET=utf8mb4 COLLATE=utf8mb4_0900_ai_ci;

-- Dumping data for table movie_booking_db.tb_city: ~0 rows (approximately)
INSERT IGNORE INTO `tb_city` (`id`, `name`, `state`) VALUES
	(1, 'Delhi', 'Delhi'),
	(2, 'Chandigarh', 'Chandigarh'),
	(3, 'Mohali', 'Punjab'),
	(4, 'Panchkula', 'Haryana'),
	(5, 'Kolkata', 'West Bengal');

-- Dumping structure for table movie_booking_db.tb_movie
CREATE TABLE IF NOT EXISTS `tb_movie` (
  `id` varchar(255) NOT NULL,
  `cast` varchar(255) NOT NULL,
  `country` varchar(255) NOT NULL,
  `description` varchar(1500) NOT NULL,
  `director` varchar(255) NOT NULL,
  `genre` varchar(255) NOT NULL,
  `language` varchar(255) NOT NULL,
  `poster_url` varchar(255) NOT NULL,
  `rating` varchar(255) NOT NULL,
  `release_date` date NOT NULL,
  `runtime` int NOT NULL,
  `title` varchar(255) NOT NULL,
  `trailer_url` varchar(255) NOT NULL,
  PRIMARY KEY (`id`)
) ENGINE=InnoDB DEFAULT CHARSET=utf8mb4 COLLATE=utf8mb4_0900_ai_ci;

-- Dumping data for table movie_booking_db.tb_movie: ~5 rows (approximately)
INSERT IGNORE INTO `tb_movie` (`id`, `cast`, `country`, `description`, `director`, `genre`, `language`, `poster_url`, `rating`, `release_date`, `runtime`, `title`, `trailer_url`) VALUES
	('M1565cd96-3fd2-4f0e-a203-485abdfb2937', 'Tom Cruise, Ving Rhames,  Simon Pegg,  Hayley Atwell,  Henry Czerny', 'USA', 'Ethan Hunt and the IMF team race against time to find the Entity, a rogue artificial intelligence that can destroy mankind.', 'Christopher McQuarrie', 'Action, Adventure, Thriller', 'English, Telugu, Hindi, Tamil', 'https://encrypted-tbn2.gstatic.com/images?q=tbn:ANd9GcTSKmBD1qX8Yvu8D5T9ugFnBE8NcIO1VZYAPMzCFAy9o2jlTo3b', '8.7', '2025-05-17', 170, 'Mission: Impossible  The Final Reckoning', 'https://www.youtube.com/watch?v=NOhDyUmT9z0'),
	('M28d95dfe-974c-4462-bc40-44650c185cf6', 'Shameik Moore, Hailee Steinfeld, Shubman Gill, Jake Johnson, Oscar Isaac', 'USA', 'Miles Morales returns for the next chapter of the Spider-Verse saga, Spider-Man: Across the Spider-Verse. After reuniting with Gwen Stacy, Brooklyns full-time, friendly neighborhood Spider-Man is catapulted across the Multiverse, where he encounters a team of Spider-People charged with protecting its very existence. But when the heroes clash on how to handle a new threat, Miles finds himself pitted against the other Spiders and must redefine what it means to be a hero so he can save the people he loves most.', 'Joaquim Dos Santos', 'Action, Adventure, Animation', 'English, Hindi, Tamil, Telugu', 'https://assets-in.bmscdn.com/iedb/movies/images/mobile/thumbnail/xlarge/spider-man-across-the-spider-verse-et00347275-1684425314.jpg', '9.3', '2023-06-01', 140, 'Spider-Man: Across The Spider-Verse', 'https://www.youtube.com/watch?v=shW9i6k8cB0'),
	('M3c056f1b-d2b8-4f3e-9a6b-f0ca0e8e51af', 'Vin Diesel, Jason Momoa, John Cena, Jason Statham, Tyrese Gibson', 'USA', 'Dom Toretto and his family must confront a terrifying new enemy who`s fueled by revenge.', 'Louis Leterrier', 'Action, Adventure, Crime, Thriller', 'English', 'https://assets-in.bmscdn.com/iedb/movies/images/mobile/thumbnail/xlarge/fast-x-et00122562-1683110461.jpg', '8.8', '2023-05-18', 134, 'Fast X', 'https://www.youtube.com/watch?v=sT7Wab-8QS8'),
	('M7a1d7675-fac7-4a3a-8fb5-5d5f2fc48b81', 'Shailene Woodley, Ben Mendelsohn, Ralph Ineson', 'USA', 'A talented but troubled cop is recruited by the FBI to help track down a murderer.', 'Damian Szifron', 'Crime, Mystery, Thriller', 'English', 'https://assets-in.bmscdn.com/iedb/movies/images/mobile/thumbnail/xlarge/to-catch-a-killer-et00356927-1684151622.jpg', '7.6', '2023-06-02', 121, 'To Catch A Killer', 'https://www.youtube.com/watch?v=DXs8BJsnxU8'),
	('M9f7be510-052d-4398-8d24-330d7bde158a', 'Chris Pratt, Zoe Saldana, Dave Baustita, Karen Gillan, Pom Klementieff, Vin Diesel', 'USA', 'Our beloved band of misfits are settling into life on Knowhere. But it isn\'t long before their lives are upended by the echoes of Rocket\'s turbulent past. Peter Quill, still reeling from the loss of Gamora, must rally his team around him on a dangerous mission to save Rocket\'s life - a mission that, if not completed successfully, could quite possibly lead to the end of the Guardians as we know them.', 'James Gunn', 'Action,Adventure,Comedy,Scifi', 'English,Hindi,Tamil,Telugu', 'https://assets-in.bmscdn.com/iedb/movies/images/mobile/thumbnail/xlarge/guardians-of-the-galaxy-vol-3-et00310794-1683529214.jpg', '9.3', '2023-05-05', 150, 'Guardians of Galaxy Vol. 3', 'https://www.youtube.com/watch?v=LH7KPMsN7nw');

-- Dumping structure for table movie_booking_db.tb_payment
CREATE TABLE IF NOT EXISTS `tb_payment` (
  `id` varchar(255) NOT NULL,
  `amount` double DEFAULT NULL,
  `discount_coupon_id` varchar(255) DEFAULT NULL,
  `payment_method` enum('CARD','CASH','GIFT_VOUCHER','INTERNET_BANKING','MOBILE_WALLET','REDEEM_POINTS','UPI') DEFAULT NULL,
  `remote_transaction_id` varchar(255) DEFAULT NULL,
  `timestamp` datetime(6) DEFAULT NULL,
  `booking_id` varchar(255) DEFAULT NULL,
  PRIMARY KEY (`id`),
  UNIQUE KEY `UK8tl0j7r71lt69vbd2jbjlk8pj` (`booking_id`),
  CONSTRAINT `FKgc0bedm2q3qvgmio6p35ovge6` FOREIGN KEY (`booking_id`) REFERENCES `tb_ticket_booking` (`id`)
) ENGINE=InnoDB DEFAULT CHARSET=utf8mb4 COLLATE=utf8mb4_0900_ai_ci;

-- Dumping data for table movie_booking_db.tb_payment: ~0 rows (approximately)

-- Dumping structure for table movie_booking_db.tb_secret_questions
CREATE TABLE IF NOT EXISTS `tb_secret_questions` (
  `id` bigint NOT NULL,
  `question` varchar(255) NOT NULL,
  PRIMARY KEY (`id`)
) ENGINE=InnoDB DEFAULT CHARSET=utf8mb4 COLLATE=utf8mb4_0900_ai_ci;

-- Dumping data for table movie_booking_db.tb_secret_questions: ~5 rows (approximately)
INSERT IGNORE INTO `tb_secret_questions` (`id`, `question`) VALUES
	(1, 'What is your mother"s maiden name?'),
	(2, 'What is your favorite color?'),
	(3, 'What was the name of your first pet?'),
	(4, 'In what city were you born?'),
	(5, 'What is the name of your favorite teacher?');

-- Dumping structure for table movie_booking_db.tb_shows
CREATE TABLE IF NOT EXISTS `tb_shows` (
  `id` varchar(255) NOT NULL,
  `booked_seats` int NOT NULL,
  `total_seats` int NOT NULL,
  `movie_id` varchar(255) DEFAULT NULL,
  `show_end_time` datetime(6) DEFAULT NULL,
  `show_start_time` datetime(6) DEFAULT NULL,
  `hall_id` bigint DEFAULT NULL,
  PRIMARY KEY (`id`),
  KEY `FK26vv0mcu7tcbkwtjrn4jmpckv` (`movie_id`),
  KEY `FKt8g22nkmrvsba3rjgda2fqnfj` (`hall_id`),
  CONSTRAINT `FK26vv0mcu7tcbkwtjrn4jmpckv` FOREIGN KEY (`movie_id`) REFERENCES `tb_movie` (`id`),
  CONSTRAINT `FKt8g22nkmrvsba3rjgda2fqnfj` FOREIGN KEY (`hall_id`) REFERENCES `tb_cinema_hall` (`id`)
) ENGINE=InnoDB DEFAULT CHARSET=utf8mb4 COLLATE=utf8mb4_0900_ai_ci;

-- Dumping data for table movie_booking_db.tb_shows: ~80 rows (approximately)
INSERT IGNORE INTO `tb_shows` (`id`, `booked_seats`, `total_seats`, `movie_id`, `show_end_time`, `show_start_time`, `hall_id`) VALUES
	('0cea5dce-4037-11f0-b962-d8c4976e9de6', 0, 186, 'M3c056f1b-d2b8-4f3e-9a6b-f0ca0e8e51af', '2025-06-03 10:45:00.000000', '2025-06-03 10:00:00.000000', 3),
	('0cea66f4-4037-11f0-b962-d8c4976e9de6', 0, 186, 'M3c056f1b-d2b8-4f3e-9a6b-f0ca0e8e51af', '2025-06-03 15:45:00.000000', '2025-06-03 13:00:00.000000', 3),
	('0cea6997-4037-11f0-b962-d8c4976e9de6', 0, 186, 'M3c056f1b-d2b8-4f3e-9a6b-f0ca0e8e51af', '2025-06-03 18:45:00.000000', '2025-06-03 16:00:00.000000', 3),
	('0cea6c5f-4037-11f0-b962-d8c4976e9de6', 0, 186, 'M3c056f1b-d2b8-4f3e-9a6b-f0ca0e8e51af', '2025-06-03 21:45:00.000000', '2025-06-03 19:00:00.000000', 3),
	('2523671d-4037-11f0-b962-d8c4976e9de6', 0, 186, 'M7a1d7675-fac7-4a3a-8fb5-5d5f2fc48b81', '2025-06-03 10:45:00.000000', '2025-06-03 10:00:00.000000', 4),
	('252370af-4037-11f0-b962-d8c4976e9de6', 0, 186, 'M7a1d7675-fac7-4a3a-8fb5-5d5f2fc48b81', '2025-06-03 15:45:00.000000', '2025-06-03 13:00:00.000000', 4),
	('2523729c-4037-11f0-b962-d8c4976e9de6', 0, 186, 'M7a1d7675-fac7-4a3a-8fb5-5d5f2fc48b81', '2025-06-03 18:45:00.000000', '2025-06-03 16:00:00.000000', 4),
	('25237514-4037-11f0-b962-d8c4976e9de6', 0, 186, 'M7a1d7675-fac7-4a3a-8fb5-5d5f2fc48b81', '2025-06-03 21:45:00.000000', '2025-06-03 19:00:00.000000', 4),
	('47b51d0e-403a-11f0-b962-d8c4976e9de6', 0, 186, 'M9f7be510-052d-4398-8d24-330d7bde158a', '2025-06-03 10:45:00.000000', '2025-06-03 10:00:00.000000', 11),
	('47b63760-403a-11f0-b962-d8c4976e9de6', 0, 186, 'M9f7be510-052d-4398-8d24-330d7bde158a', '2025-06-03 15:45:00.000000', '2025-06-03 13:00:00.000000', 11),
	('47b85d78-403a-11f0-b962-d8c4976e9de6', 0, 186, 'M9f7be510-052d-4398-8d24-330d7bde158a', '2025-06-03 18:45:00.000000', '2025-06-03 16:00:00.000000', 11),
	('47ba83da-403a-11f0-b962-d8c4976e9de6', 0, 186, 'M9f7be510-052d-4398-8d24-330d7bde158a', '2025-06-03 21:45:00.000000', '2025-06-03 19:00:00.000000', 11),
	('47bb578f-403a-11f0-b962-d8c4976e9de6', 0, 186, 'M28d95dfe-974c-4462-bc40-44650c185cf6', '2025-06-03 10:45:00.000000', '2025-06-03 10:00:00.000000', 12),
	('47bc8889-403a-11f0-b962-d8c4976e9de6', 0, 186, 'M28d95dfe-974c-4462-bc40-44650c185cf6', '2025-06-03 15:45:00.000000', '2025-06-03 13:00:00.000000', 12),
	('47bdb388-403a-11f0-b962-d8c4976e9de6', 0, 186, 'M28d95dfe-974c-4462-bc40-44650c185cf6', '2025-06-03 18:45:00.000000', '2025-06-03 16:00:00.000000', 12),
	('47be8b7f-403a-11f0-b962-d8c4976e9de6', 0, 186, 'M28d95dfe-974c-4462-bc40-44650c185cf6', '2025-06-03 21:45:00.000000', '2025-06-03 19:00:00.000000', 12),
	('47bf94cd-403a-11f0-b962-d8c4976e9de6', 0, 186, 'M3c056f1b-d2b8-4f3e-9a6b-f0ca0e8e51af', '2025-06-03 10:45:00.000000', '2025-06-03 10:00:00.000000', 13),
	('47c19597-403a-11f0-b962-d8c4976e9de6', 0, 186, 'M3c056f1b-d2b8-4f3e-9a6b-f0ca0e8e51af', '2025-06-03 15:45:00.000000', '2025-06-03 13:00:00.000000', 13),
	('47c2d873-403a-11f0-b962-d8c4976e9de6', 0, 186, 'M3c056f1b-d2b8-4f3e-9a6b-f0ca0e8e51af', '2025-06-03 18:45:00.000000', '2025-06-03 16:00:00.000000', 13),
	('47c3c841-403a-11f0-b962-d8c4976e9de6', 0, 186, 'M3c056f1b-d2b8-4f3e-9a6b-f0ca0e8e51af', '2025-06-03 21:45:00.000000', '2025-06-03 19:00:00.000000', 13),
	('47c62f29-403a-11f0-b962-d8c4976e9de6', 0, 186, 'M7a1d7675-fac7-4a3a-8fb5-5d5f2fc48b81', '2025-06-03 10:45:00.000000', '2025-06-03 10:00:00.000000', 14),
	('47c89c27-403a-11f0-b962-d8c4976e9de6', 0, 186, 'M7a1d7675-fac7-4a3a-8fb5-5d5f2fc48b81', '2025-06-03 15:45:00.000000', '2025-06-03 13:00:00.000000', 14),
	('47c96f2c-403a-11f0-b962-d8c4976e9de6', 0, 186, 'M7a1d7675-fac7-4a3a-8fb5-5d5f2fc48b81', '2025-06-03 18:45:00.000000', '2025-06-03 16:00:00.000000', 14),
	('47cb9100-403a-11f0-b962-d8c4976e9de6', 0, 186, 'M7a1d7675-fac7-4a3a-8fb5-5d5f2fc48b81', '2025-06-03 21:45:00.000000', '2025-06-03 19:00:00.000000', 14),
	('47cdd6f7-403a-11f0-b962-d8c4976e9de6', 10, 186, 'M1565cd96-3fd2-4f0e-a203-485abdfb2937', '2025-06-03 10:45:00.000000', '2025-06-03 10:00:00.000000', 15),
	('47d01b47-403a-11f0-b962-d8c4976e9de6', 0, 186, 'M1565cd96-3fd2-4f0e-a203-485abdfb2937', '2025-06-03 15:45:00.000000', '2025-06-03 13:00:00.000000', 15),
	('47d237a5-403a-11f0-b962-d8c4976e9de6', 0, 186, 'M1565cd96-3fd2-4f0e-a203-485abdfb2937', '2025-06-03 18:45:00.000000', '2025-06-03 16:00:00.000000', 15),
	('47d49d20-403a-11f0-b962-d8c4976e9de6', 0, 186, 'M1565cd96-3fd2-4f0e-a203-485abdfb2937', '2025-06-03 21:45:00.000000', '2025-06-03 19:00:00.000000', 15),
	('47d57475-403a-11f0-b962-d8c4976e9de6', 0, 186, 'M9f7be510-052d-4398-8d24-330d7bde158a', '2025-06-03 10:45:00.000000', '2025-06-03 10:00:00.000000', 16),
	('47db10dd-403a-11f0-b962-d8c4976e9de6', 0, 186, 'M9f7be510-052d-4398-8d24-330d7bde158a', '2025-06-03 15:45:00.000000', '2025-06-03 13:00:00.000000', 16),
	('47dd5bba-403a-11f0-b962-d8c4976e9de6', 0, 186, 'M9f7be510-052d-4398-8d24-330d7bde158a', '2025-06-03 18:45:00.000000', '2025-06-03 16:00:00.000000', 16),
	('47df8854-403a-11f0-b962-d8c4976e9de6', 0, 186, 'M9f7be510-052d-4398-8d24-330d7bde158a', '2025-06-03 21:45:00.000000', '2025-06-03 19:00:00.000000', 16),
	('47e1da9c-403a-11f0-b962-d8c4976e9de6', 0, 186, 'M28d95dfe-974c-4462-bc40-44650c185cf6', '2025-06-03 10:45:00.000000', '2025-06-03 10:00:00.000000', 17),
	('47e41f24-403a-11f0-b962-d8c4976e9de6', 0, 186, 'M28d95dfe-974c-4462-bc40-44650c185cf6', '2025-06-03 15:45:00.000000', '2025-06-03 13:00:00.000000', 17),
	('47e6e850-403a-11f0-b962-d8c4976e9de6', 0, 186, 'M28d95dfe-974c-4462-bc40-44650c185cf6', '2025-06-03 18:45:00.000000', '2025-06-03 16:00:00.000000', 17),
	('47e965d3-403a-11f0-b962-d8c4976e9de6', 0, 186, 'M28d95dfe-974c-4462-bc40-44650c185cf6', '2025-06-03 21:45:00.000000', '2025-06-03 19:00:00.000000', 17),
	('47ea6839-403a-11f0-b962-d8c4976e9de6', 0, 186, 'M3c056f1b-d2b8-4f3e-9a6b-f0ca0e8e51af', '2025-06-03 10:45:00.000000', '2025-06-03 10:00:00.000000', 18),
	('47ecbb3c-403a-11f0-b962-d8c4976e9de6', 0, 186, 'M3c056f1b-d2b8-4f3e-9a6b-f0ca0e8e51af', '2025-06-03 15:45:00.000000', '2025-06-03 13:00:00.000000', 18),
	('47edb1fb-403a-11f0-b962-d8c4976e9de6', 0, 186, 'M3c056f1b-d2b8-4f3e-9a6b-f0ca0e8e51af', '2025-06-03 18:45:00.000000', '2025-06-03 16:00:00.000000', 18),
	('47f06ba8-403a-11f0-b962-d8c4976e9de6', 0, 186, 'M3c056f1b-d2b8-4f3e-9a6b-f0ca0e8e51af', '2025-06-03 21:45:00.000000', '2025-06-03 19:00:00.000000', 18),
	('47f16bfb-403a-11f0-b962-d8c4976e9de6', 0, 186, 'M7a1d7675-fac7-4a3a-8fb5-5d5f2fc48b81', '2025-06-03 10:45:00.000000', '2025-06-03 10:00:00.000000', 19),
	('47f3ec44-403a-11f0-b962-d8c4976e9de6', 0, 186, 'M7a1d7675-fac7-4a3a-8fb5-5d5f2fc48b81', '2025-06-03 15:45:00.000000', '2025-06-03 13:00:00.000000', 19),
	('47f6da06-403a-11f0-b962-d8c4976e9de6', 0, 186, 'M7a1d7675-fac7-4a3a-8fb5-5d5f2fc48b81', '2025-06-03 18:45:00.000000', '2025-06-03 16:00:00.000000', 19),
	('47f7d69e-403a-11f0-b962-d8c4976e9de6', 0, 186, 'M7a1d7675-fac7-4a3a-8fb5-5d5f2fc48b81', '2025-06-03 21:45:00.000000', '2025-06-03 19:00:00.000000', 19),
	('47f8b639-403a-11f0-b962-d8c4976e9de6', 0, 186, 'M1565cd96-3fd2-4f0e-a203-485abdfb2937', '2025-06-03 10:45:00.000000', '2025-06-03 10:00:00.000000', 20),
	('47f9a5b3-403a-11f0-b962-d8c4976e9de6', 0, 186, 'M1565cd96-3fd2-4f0e-a203-485abdfb2937', '2025-06-03 15:45:00.000000', '2025-06-03 13:00:00.000000', 20),
	('47fc25cd-403a-11f0-b962-d8c4976e9de6', 0, 186, 'M1565cd96-3fd2-4f0e-a203-485abdfb2937', '2025-06-03 18:45:00.000000', '2025-06-03 16:00:00.000000', 20),
	('47fd4652-403a-11f0-b962-d8c4976e9de6', 0, 186, 'M1565cd96-3fd2-4f0e-a203-485abdfb2937', '2025-06-03 21:45:00.000000', '2025-06-03 19:00:00.000000', 20),
	('d2cae3f2-4039-11f0-b962-d8c4976e9de6', 0, 186, 'M3c056f1b-d2b8-4f3e-9a6b-f0ca0e8e51af', '2025-06-03 10:45:00.000000', '2025-06-03 10:00:00.000000', 8),
	('d2cc3b61-4039-11f0-b962-d8c4976e9de6', 0, 186, 'M3c056f1b-d2b8-4f3e-9a6b-f0ca0e8e51af', '2025-06-03 15:45:00.000000', '2025-06-03 13:00:00.000000', 8),
	('d2cd01bb-4039-11f0-b962-d8c4976e9de6', 0, 186, 'M3c056f1b-d2b8-4f3e-9a6b-f0ca0e8e51af', '2025-06-03 18:45:00.000000', '2025-06-03 16:00:00.000000', 8),
	('d2ceb24c-4039-11f0-b962-d8c4976e9de6', 0, 186, 'M3c056f1b-d2b8-4f3e-9a6b-f0ca0e8e51af', '2025-06-03 21:45:00.000000', '2025-06-03 19:00:00.000000', 8),
	('d2d04c4f-4039-11f0-b962-d8c4976e9de6', 0, 186, 'M7a1d7675-fac7-4a3a-8fb5-5d5f2fc48b81', '2025-06-03 10:45:00.000000', '2025-06-03 10:00:00.000000', 9),
	('d2d18357-4039-11f0-b962-d8c4976e9de6', 0, 186, 'M7a1d7675-fac7-4a3a-8fb5-5d5f2fc48b81', '2025-06-03 15:45:00.000000', '2025-06-03 13:00:00.000000', 9),
	('d2d37826-4039-11f0-b962-d8c4976e9de6', 0, 186, 'M7a1d7675-fac7-4a3a-8fb5-5d5f2fc48b81', '2025-06-03 18:45:00.000000', '2025-06-03 16:00:00.000000', 9),
	('d2d58182-4039-11f0-b962-d8c4976e9de6', 0, 186, 'M7a1d7675-fac7-4a3a-8fb5-5d5f2fc48b81', '2025-06-03 21:45:00.000000', '2025-06-03 19:00:00.000000', 9),
	('d2d7b674-4039-11f0-b962-d8c4976e9de6', 0, 186, 'M1565cd96-3fd2-4f0e-a203-485abdfb2937', '2025-06-03 10:45:00.000000', '2025-06-03 10:00:00.000000', 10),
	('d2da0ffb-4039-11f0-b962-d8c4976e9de6', 0, 186, 'M1565cd96-3fd2-4f0e-a203-485abdfb2937', '2025-06-03 15:45:00.000000', '2025-06-03 13:00:00.000000', 10),
	('d2dae221-4039-11f0-b962-d8c4976e9de6', 0, 186, 'M1565cd96-3fd2-4f0e-a203-485abdfb2937', '2025-06-03 18:45:00.000000', '2025-06-03 16:00:00.000000', 10),
	('d2dbb72a-4039-11f0-b962-d8c4976e9de6', 0, 186, 'M1565cd96-3fd2-4f0e-a203-485abdfb2937', '2025-06-03 21:45:00.000000', '2025-06-03 19:00:00.000000', 10),
	('d2dc9f0e-4039-11f0-b962-d8c4976e9de6', 0, 186, 'M28d95dfe-974c-4462-bc40-44650c185cf6', '2025-06-03 10:45:00.000000', '2025-06-03 10:00:00.000000', 7),
	('d2def97a-4039-11f0-b962-d8c4976e9de6', 0, 186, 'M28d95dfe-974c-4462-bc40-44650c185cf6', '2025-06-03 15:45:00.000000', '2025-06-03 13:00:00.000000', 7),
	('d2e00758-4039-11f0-b962-d8c4976e9de6', 0, 186, 'M28d95dfe-974c-4462-bc40-44650c185cf6', '2025-06-03 18:45:00.000000', '2025-06-03 16:00:00.000000', 7),
	('d2e25be5-4039-11f0-b962-d8c4976e9de6', 0, 186, 'M28d95dfe-974c-4462-bc40-44650c185cf6', '2025-06-03 21:45:00.000000', '2025-06-03 19:00:00.000000', 7),
	('d2e334ac-4039-11f0-b962-d8c4976e9de6', 0, 186, 'M9f7be510-052d-4398-8d24-330d7bde158a', '2025-06-03 10:45:00.000000', '2025-06-03 10:00:00.000000', 6),
	('d2e5b91a-4039-11f0-b962-d8c4976e9de6', 0, 186, 'M9f7be510-052d-4398-8d24-330d7bde158a', '2025-06-03 15:45:00.000000', '2025-06-03 13:00:00.000000', 6),
	('d2e6a4ee-4039-11f0-b962-d8c4976e9de6', 0, 186, 'M9f7be510-052d-4398-8d24-330d7bde158a', '2025-06-03 18:45:00.000000', '2025-06-03 16:00:00.000000', 6),
	('d2e795dd-4039-11f0-b962-d8c4976e9de6', 0, 186, 'M9f7be510-052d-4398-8d24-330d7bde158a', '2025-06-03 21:45:00.000000', '2025-06-03 19:00:00.000000', 6),
	('ebb4ecad-4038-11f0-b962-d8c4976e9de6', 0, 186, 'M1565cd96-3fd2-4f0e-a203-485abdfb2937', '2025-06-03 10:45:00.000000', '2025-06-03 10:00:00.000000', 5),
	('ebb4f8f6-4038-11f0-b962-d8c4976e9de6', 0, 186, 'M1565cd96-3fd2-4f0e-a203-485abdfb2937', '2025-06-03 15:45:00.000000', '2025-06-03 13:00:00.000000', 5),
	('ebb4fc2a-4038-11f0-b962-d8c4976e9de6', 0, 186, 'M1565cd96-3fd2-4f0e-a203-485abdfb2937', '2025-06-03 18:45:00.000000', '2025-06-03 16:00:00.000000', 5),
	('ebb4fed0-4038-11f0-b962-d8c4976e9de6', 0, 186, 'M1565cd96-3fd2-4f0e-a203-485abdfb2937', '2025-06-03 21:45:00.000000', '2025-06-03 19:00:00.000000', 5),
	('f23283dd-4036-11f0-b962-d8c4976e9de6', 0, 186, 'M28d95dfe-974c-4462-bc40-44650c185cf6', '2025-06-03 10:45:00.000000', '2025-06-03 10:00:00.000000', 2),
	('f2328d3b-4036-11f0-b962-d8c4976e9de6', 0, 186, 'M28d95dfe-974c-4462-bc40-44650c185cf6', '2025-06-03 15:45:00.000000', '2025-06-03 13:00:00.000000', 2),
	('f2328f42-4036-11f0-b962-d8c4976e9de6', 0, 186, 'M28d95dfe-974c-4462-bc40-44650c185cf6', '2025-06-03 18:45:00.000000', '2025-06-03 16:00:00.000000', 2),
	('f2329097-4036-11f0-b962-d8c4976e9de6', 0, 186, 'M28d95dfe-974c-4462-bc40-44650c185cf6', '2025-06-03 21:45:00.000000', '2025-06-03 19:00:00.000000', 2),
	('MT1565cd96-3fd2-4f0e-a203-485abdfb2937', 0, 186, 'M9f7be510-052d-4398-8d24-330d7bde158a', '2025-06-03 10:45:00.000000', '2025-06-03 10:00:00.000000', 1),
	('MT302376dc-5f04-4b28-af01-f8f9477c6ece', 0, 186, 'M9f7be510-052d-4398-8d24-330d7bde158a', '2025-06-03 15:45:00.000000', '2025-06-03 13:00:00.000000', 1),
	('MT44dcc53d-a33e-42b1-ad81-17f03d2774a5', 0, 186, 'M9f7be510-052d-4398-8d24-330d7bde158a', '2025-06-03 18:45:00.000000', '2025-06-03 16:00:00.000000', 1),
	('MT45dcc53d-a33e-42b1-ad81-17f03d2774a5', 0, 186, 'M9f7be510-052d-4398-8d24-330d7bde158a', '2025-06-03 21:45:00.000000', '2025-06-03 19:00:00.000000', 1);

-- Dumping structure for table movie_booking_db.tb_show_seat
CREATE TABLE IF NOT EXISTS `tb_show_seat` (
  `id` bigint NOT NULL AUTO_INCREMENT,
  `price` double DEFAULT NULL,
  `booking_id` varchar(255) DEFAULT NULL,
  `cinema_seat_id` int DEFAULT NULL,
  `show_id` varchar(255) DEFAULT NULL,
  `status` enum('AVAILABLE','BEST_SELLER','SELECTED','SOLD') DEFAULT NULL,
  PRIMARY KEY (`id`),
  KEY `FK4w9dw9ew7egdhthaon3oa4lcr` (`booking_id`),
  KEY `FK5rdfskpq1x49xtedr924a45in` (`cinema_seat_id`),
  KEY `FKdhnr9sn7y9uint16rl9x24ql4` (`show_id`),
  CONSTRAINT `FK4w9dw9ew7egdhthaon3oa4lcr` FOREIGN KEY (`booking_id`) REFERENCES `tb_ticket_booking` (`id`),
  CONSTRAINT `FK5rdfskpq1x49xtedr924a45in` FOREIGN KEY (`cinema_seat_id`) REFERENCES `tb_cinema_seat` (`id`),
  CONSTRAINT `FKdhnr9sn7y9uint16rl9x24ql4` FOREIGN KEY (`show_id`) REFERENCES `tb_shows` (`id`)
) ENGINE=InnoDB AUTO_INCREMENT=16 DEFAULT CHARSET=utf8mb4 COLLATE=utf8mb4_0900_ai_ci;

-- Dumping data for table movie_booking_db.tb_show_seat: ~10 rows (approximately)
INSERT IGNORE INTO `tb_show_seat` (`id`, `price`, `booking_id`, `cinema_seat_id`, `show_id`, `status`) VALUES
	(6, 249, 'TBf70efcb4-6159-4ef2-a31b-abcc1a2de373', 1, '47cdd6f7-403a-11f0-b962-d8c4976e9de6', 'SOLD'),
	(7, 249, 'TBf70efcb4-6159-4ef2-a31b-abcc1a2de373', 2, '47cdd6f7-403a-11f0-b962-d8c4976e9de6', 'SOLD'),
	(8, 249, 'TBf70efcb4-6159-4ef2-a31b-abcc1a2de373', 3, '47cdd6f7-403a-11f0-b962-d8c4976e9de6', 'SOLD'),
	(9, 249, 'TBf70efcb4-6159-4ef2-a31b-abcc1a2de373', 4, '47cdd6f7-403a-11f0-b962-d8c4976e9de6', 'SOLD'),
	(10, 249, 'TBf70efcb4-6159-4ef2-a31b-abcc1a2de373', 5, '47cdd6f7-403a-11f0-b962-d8c4976e9de6', 'SOLD'),
	(11, 249, 'TBeb2b8a8b-1710-458c-900a-b2e0d7203ece', 6, '47cdd6f7-403a-11f0-b962-d8c4976e9de6', 'SOLD'),
	(12, 249, 'TBeb2b8a8b-1710-458c-900a-b2e0d7203ece', 7, '47cdd6f7-403a-11f0-b962-d8c4976e9de6', 'SOLD'),
	(13, 249, 'TBeb2b8a8b-1710-458c-900a-b2e0d7203ece', 8, '47cdd6f7-403a-11f0-b962-d8c4976e9de6', 'SOLD'),
	(14, 249, 'TBeb2b8a8b-1710-458c-900a-b2e0d7203ece', 9, '47cdd6f7-403a-11f0-b962-d8c4976e9de6', 'SOLD'),
	(15, 249, 'TBeb2b8a8b-1710-458c-900a-b2e0d7203ece', 10, '47cdd6f7-403a-11f0-b962-d8c4976e9de6', 'SOLD');

-- Dumping structure for table movie_booking_db.tb_ticket_booking
CREATE TABLE IF NOT EXISTS `tb_ticket_booking` (
  `id` varchar(255) NOT NULL,
  `num_seats` int DEFAULT NULL,
  `ticket_seats` varchar(255) DEFAULT NULL,
  `show_id` varchar(255) CHARACTER SET utf8mb4 COLLATE utf8mb4_0900_ai_ci DEFAULT NULL,
  `user_id` varchar(255) DEFAULT NULL,
  `timestamp` datetime(6) DEFAULT NULL,
  PRIMARY KEY (`id`),
  KEY `FKmsdnxq0bsa75b59evlogae5ia` (`user_id`),
  KEY `FK5ydxtewpmeysan1tw4nw8jmhv` (`show_id`) USING BTREE,
  CONSTRAINT `FK_tb_ticket_booking_tb_shows` FOREIGN KEY (`show_id`) REFERENCES `tb_shows` (`id`),
  CONSTRAINT `FKmsdnxq0bsa75b59evlogae5ia` FOREIGN KEY (`user_id`) REFERENCES `tb_user` (`user_id`)
) ENGINE=InnoDB DEFAULT CHARSET=utf8mb4 COLLATE=utf8mb4_0900_ai_ci;

-- Dumping data for table movie_booking_db.tb_ticket_booking: ~0 rows (approximately)
INSERT IGNORE INTO `tb_ticket_booking` (`id`, `num_seats`, `ticket_seats`, `show_id`, `user_id`, `timestamp`) VALUES
	('TBeb2b8a8b-1710-458c-900a-b2e0d7203ece', 5, 'CONFIRM', '47cdd6f7-403a-11f0-b962-d8c4976e9de6', 'U95d13889-f9ac-4173-81fb-d27d85e5aef7', '2025-06-03 20:04:38.157939'),
	('TBf70efcb4-6159-4ef2-a31b-abcc1a2de373', 5, 'CONFIRM', '47cdd6f7-403a-11f0-b962-d8c4976e9de6', 'U95d13889-f9ac-4173-81fb-d27d85e5aef7', '2025-06-03 20:01:07.136453');

-- Dumping structure for table movie_booking_db.tb_user
CREATE TABLE IF NOT EXISTS `tb_user` (
  `user_id` varchar(255) NOT NULL,
  `answer` varchar(255) NOT NULL,
  `email` varchar(255) DEFAULT NULL,
  `first_name` varchar(255) NOT NULL,
  `last_name` varchar(255) NOT NULL,
  `password` varchar(255) NOT NULL,
  `role` varchar(255) DEFAULT NULL,
  `secret_question_id` bigint NOT NULL,
  PRIMARY KEY (`user_id`),
  UNIQUE KEY `UK_4vih17mube9j7cqyjlfbcrk4m` (`email`),
  KEY `FK7ymkwe8exl395boykl5ibsdno` (`secret_question_id`),
  CONSTRAINT `FK7ymkwe8exl395boykl5ibsdno` FOREIGN KEY (`secret_question_id`) REFERENCES `tb_secret_questions` (`id`)
) ENGINE=InnoDB DEFAULT CHARSET=utf8mb4 COLLATE=utf8mb4_0900_ai_ci;

-- Dumping data for table movie_booking_db.tb_user: ~3 rows (approximately)
INSERT IGNORE INTO `tb_user` (`user_id`, `answer`, `email`, `first_name`, `last_name`, `password`, `role`, `secret_question_id`) VALUES
	('A346490ab-84c1-4d8b-87b8-92b98337438c', 'blue', 'akhi85pratap@gmail.com', 'Akhilesh', 'Pratap', '$2a$10$KGCm3ghHp5AXkQBO6FKLBugvnS5TpomP7VgUv5nIt9PmvtbU7ZZju', 'ADMIN', 2),
	('A62204f38-ee22-11ed-a05b-0242ac120003', 'tom', 'rupesh.gupt89@gmail.com', 'Rupesh', 'Gupta', '$2a$10$9665KAraOXQW8Eul6uenJu78VdImcVnRoIa3CObX4JLWJv9f9E/1q', 'ADMIN', 3),
	('U95d13889-f9ac-4173-81fb-d27d85e5aef7', 'blue', 'rajkapoor@abc.com', 'Raj', 'Kapoor', '$2a$10$enPUp.YcdPFkAeBu6O36Y.b5kC7PvDEm93sGuXnLxY.5P5dcTVjGa', 'CUSTOMER', 2);

-- Dumping structure for table movie_booking_db.tb_zipcode
CREATE TABLE IF NOT EXISTS `tb_zipcode` (
  `id` bigint NOT NULL AUTO_INCREMENT,
  `pincode` varchar(255) NOT NULL,
  `city_id` bigint DEFAULT NULL,
  PRIMARY KEY (`id`),
  KEY `FKnf2h7tee9d5ggw9p1rwdm3wb9` (`city_id`),
  CONSTRAINT `FKnf2h7tee9d5ggw9p1rwdm3wb9` FOREIGN KEY (`city_id`) REFERENCES `tb_city` (`id`)
) ENGINE=InnoDB DEFAULT CHARSET=utf8mb4 COLLATE=utf8mb4_0900_ai_ci;

-- Dumping data for table movie_booking_db.tb_zipcode: ~0 rows (approximately)

/*!40103 SET TIME_ZONE=IFNULL(@OLD_TIME_ZONE, 'system') */;
/*!40101 SET SQL_MODE=IFNULL(@OLD_SQL_MODE, '') */;
/*!40014 SET FOREIGN_KEY_CHECKS=IFNULL(@OLD_FOREIGN_KEY_CHECKS, 1) */;
/*!40101 SET CHARACTER_SET_CLIENT=@OLD_CHARACTER_SET_CLIENT */;
/*!40111 SET SQL_NOTES=IFNULL(@OLD_SQL_NOTES, 1) */;
